thing_name,variable,timestamp,value
Group 10,temperature,2026-03-24 12:16:25.119966+00:00,24.199440002441406
Group 10,temperature,2026-03-24 12:16:30.447699+00:00,24.214529037475586
Group 10,temperature,2026-03-24 12:16:36.294545+00:00,24.246910095214844
Group 10,temperature,2026-03-24 12:16:42.666614+00:00,24.236988067626953
Group 10,temperature,2026-03-24 12:16:47.053400+00:00,24.259323120117188
Group 10,temperature,2026-03-24 12:16:52.587777+00:00,24.281654357910156
Group 10,temperature,2026-03-24 12:16:58.124708+00:00,24.279193878173828
Group 10,temperature,2026-03-24 12:17:03.783184+00:00,24.308975219726562
Group 10,temperature,2026-03-24 12:17:09.200981+00:00,24.31889533996582
Group 10,temperature,2026-03-24 12:17:16.346518+00:00,24.31395149230957
Group 10,temperature,2026-03-24 12:17:20.377919+00:00,24.338777542114258
Group 10,temperature,2026-03-24 12:17:25.917541+00:00,24.33131980895996
Group 10,temperature,2026-03-24 12:17:31.248829+00:00,24.3586368560791
Group 10,temperature,2026-03-24 12:17:36.769917+00:00,24.376007080078125
Group 10,temperature,2026-03-24 12:17:42.307803+00:00,24.385936737060547
Group 10,temperature,2026-03-24 12:17:47.841816+00:00,24.418210983276367
Group 10,temperature,2026-03-24 12:17:53.378947+00:00,24.423175811767578
Group 10,temperature,2026-03-24 12:17:59.036332+00:00,24.438072204589844
Group 10,temperature,2026-03-24 12:18:04.764300+00:00,24.440553665161133
Group 10,temperature,2026-03-24 12:18:09.992664+00:00,24.465381622314453
Group 10,temperature,2026-03-24 12:18:15.539362+00:00,24.477794647216797
Group 10,temperature,2026-03-24 12:18:20.952729+00:00,24.4852294921875
Group 10,temperature,2026-03-24 12:18:26.491896+00:00,24.517505645751953
Group 10,temperature,2026-03-24 12:18:32.023799+00:00,24.522491455078125
Group 10,temperature,2026-03-24 12:18:37.663060+00:00,24.537397384643555
Group 10,temperature,2026-03-24 12:18:43.199488+00:00,24.567169189453125
Group 10,temperature,2026-03-24 12:18:48.631370+00:00,24.56220245361328
Group 10,temperature,2026-03-24 12:18:54.175423+00:00,24.594465255737305
Group 10,temperature,2026-03-24 12:18:59.702617+00:00,24.61185646057129
Group 10,temperature,2026-03-24 12:19:05.133722+00:00,24.629222869873047
Group 10,temperature,2026-03-24 12:19:10.774857+00:00,24.634201049804688
Group 10,temperature,2026-03-24 12:19:16.208003+00:00,24.609363555908203
Group 10,temperature,2026-03-24 12:19:21.742254+00:00,24.629222869873047
Group 10,temperature,2026-03-24 12:19:27.280276+00:00,24.6391544342041
Group 10,temperature,2026-03-24 12:19:32.813496+00:00,24.646623611450195
Group 10,temperature,2026-03-24 12:19:38.352320+00:00,24.65903663635254
Group 10,temperature,2026-03-24 12:19:43.884065+00:00,24.666473388671875
Group 10,temperature,2026-03-24 12:19:49.420473+00:00,24.70370101928711
Group 10,temperature,2026-03-24 12:19:55.269686+00:00,24.706207275390625
Group 10,temperature,2026-03-24 12:20:00.492000+00:00,24.713632583618164
Group 10,temperature,2026-03-24 12:20:06.029770+00:00,24.73847198486328
Group 10,temperature,2026-03-24 12:20:11.564027+00:00,24.7463321685791
Group 10,temperature,2026-03-24 12:20:17.099195+00:00,24.753366470336914
Group 10,temperature,2026-03-24 12:20:22.634607+00:00,24.76080322265625
Group 10,temperature,2026-03-24 12:20:28.170831+00:00,24.773216247558594
Group 10,temperature,2026-03-24 12:20:33.602565+00:00,24.800525665283203
Group 10,temperature,2026-03-24 12:20:39.139343+00:00,24.79307746887207
Group 10,temperature,2026-03-24 12:20:44.673480+00:00,24.822879791259766
Group 10,temperature,2026-03-24 12:20:50.314718+00:00,24.82535171508789
Group 10,temperature,2026-03-24 12:20:55.775251+00:00,24.85762596130371
Group 10,temperature,2026-03-24 12:21:01.283973+00:00,24.855154037475586
Group 10,temperature,2026-03-24 12:21:08.938208+00:00,24.857616424560547
Group 10,temperature,2026-03-24 12:21:13.396230+00:00,24.86260223388672
Group 10,temperature,2026-03-24 12:21:17.785094+00:00,24.87005043029785
Group 10,temperature,2026-03-24 12:21:24.158166+00:00,24.897348403930664
Group 10,temperature,2026-03-24 12:28:18.030039+00:00,25.753559112548828
Group 10,temperature,2026-03-24 12:28:23.461414+00:00,25.823301315307617
Group 10,temperature,2026-03-24 12:28:29.129872+00:00,25.845712661743164
Group 10,temperature,2026-03-24 12:28:34.532277+00:00,25.80104637145996
Group 10,temperature,2026-03-24 12:28:40.069335+00:00,25.83330726623535
Group 10,temperature,2026-03-24 12:28:45.604887+00:00,25.868074417114258
Group 10,temperature,2026-03-24 12:28:51.141093+00:00,25.87055015563965
Group 10,temperature,2026-03-24 12:28:56.677086+00:00,25.88296127319336
Group 10,temperature,2026-03-24 12:29:02.316678+00:00,25.85068702697754
Group 10,temperature,2026-03-24 12:29:07.747818+00:00,25.927648544311523
Group 10,temperature,2026-03-24 12:29:13.284268+00:00,25.892892837524414
Group 10,temperature,2026-03-24 12:29:18.714221+00:00,25.88544273376465
Group 10,temperature,2026-03-24 12:29:24.355133+00:00,25.8953857421875
Group 10,temperature,2026-03-24 12:29:29.894712+00:00,25.927648544311523
Group 10,temperature,2026-03-24 12:29:35.439258+00:00,25.93509864807129
Group 10,temperature,2026-03-24 12:29:40.963329+00:00,25.95000457763672
Group 10,temperature,2026-03-24 12:29:46.602824+00:00,25.947521209716797
Group 10,temperature,2026-03-24 12:29:52.138844+00:00,25.99716567993164
Group 10,temperature,2026-03-24 12:29:57.466476+00:00,25.947521209716797
Group 10,temperature,2026-03-24 12:30:03.002968+00:00,25.95247459411621
Group 10,temperature,2026-03-24 12:30:08.539195+00:00,25.99220848083496
Group 10,temperature,2026-03-24 12:30:14.072697+00:00,25.977304458618164
Group 10,temperature,2026-03-24 12:30:19.608047+00:00,25.972335815429688
Group 10,temperature,2026-03-24 12:30:25.144963+00:00,25.962406158447266
Group 10,temperature,2026-03-24 12:30:30.681014+00:00,25.962417602539062
Group 10,temperature,2026-03-24 12:30:36.222806+00:00,26.01701545715332
Group 10,temperature,2026-03-24 12:30:41.759656+00:00,26.01455307006836
Group 10,temperature,2026-03-24 12:30:47.288354+00:00,25.982276916503906
Group 10,temperature,2026-03-24 12:30:52.822488+00:00,25.987234115600586
Group 10,temperature,2026-03-24 12:30:58.364724+00:00,25.99468421936035
Group 10,temperature,2026-03-24 12:31:03.796550+00:00,26.017057418823242
Group 10,temperature,2026-03-24 12:31:10.269111+00:00,26.041851043701172
Group 10,temperature,2026-03-24 12:31:14.862807+00:00,25.972347259521484
Group 10,temperature,2026-03-24 12:31:22.019509+00:00,26.00213050842285
Group 10,temperature,2026-03-24 12:31:26.420067+00:00,25.98226547241211
Group 10,temperature,2026-03-24 12:33:00.128213+00:00,26.086227416992188
Group 10,temperature,2026-03-24 12:33:05.691131+00:00,26.099010467529297
Group 10,temperature,2026-03-24 12:33:11.227516+00:00,26.11136817932129
Group 10,temperature,2026-03-24 12:33:16.763255+00:00,26.141159057617188
Group 10,temperature,2026-03-24 12:33:22.296099+00:00,26.15108871459961
Group 10,temperature,2026-03-24 12:33:27.727787+00:00,26.093978881835938
Group 10,temperature,2026-03-24 12:33:33.262206+00:00,26.163524627685547
Group 10,temperature,2026-03-24 12:33:38.902173+00:00,26.136194229125977
Group 10,temperature,2026-03-24 12:33:44.333974+00:00,26.106399536132812
Group 10,temperature,2026-03-24 12:33:49.868658+00:00,26.18087387084961
Group 10,temperature,2026-03-24 12:33:55.405546+00:00,26.148605346679688
Group 10,temperature,2026-03-24 12:34:00.941190+00:00,26.19576644897461
Group 10,temperature,2026-03-24 12:34:06.477210+00:00,26.16847801208496
Group 10,temperature,2026-03-24 12:34:12.119960+00:00,26.19576644897461
Group 10,temperature,2026-03-24 12:34:17.653245+00:00,26.146135330200195
Group 10,temperature,2026-03-24 12:34:23.084201+00:00,26.14364242553711
Group 10,temperature,2026-03-24 12:34:28.626582+00:00,26.126262664794922
Group 10,temperature,2026-03-24 12:34:34.051551+00:00,26.183364868164062
Group 10,temperature,2026-03-24 12:34:39.588131+00:00,26.208202362060547
Group 10,temperature,2026-03-24 12:34:45.123203+00:00,26.18832015991211
Group 10,temperature,2026-03-24 12:34:50.658769+00:00,26.20819091796875
Group 10,temperature,2026-03-24 12:34:56.198082+00:00,26.230533599853516
Group 10,temperature,2026-03-24 12:35:01.835325+00:00,26.17840003967285
Group 10,temperature,2026-03-24 12:35:07.268376+00:00,26.22308921813965
Group 10,temperature,2026-03-24 12:35:12.802256+00:00,26.200756072998047
Group 10,temperature,2026-03-24 12:35:18.337717+00:00,26.260326385498047
Group 10,temperature,2026-03-24 12:35:23.978121+00:00,26.190814971923828
Group 10,temperature,2026-03-24 12:35:29.409721+00:00,26.17343521118164
Group 10,temperature,2026-03-24 12:35:34.944521+00:00,26.19328498840332
Group 10,temperature,2026-03-24 12:35:40.482216+00:00,26.33233642578125
Group 10,temperature,2026-03-24 12:35:46.121650+00:00,26.10392951965332
Group 10,temperature,2026-03-24 12:35:51.553921+00:00,26.23550033569336
Group 10,temperature,2026-03-24 12:35:57.090622+00:00,26.275226593017578
Group 10,temperature,2026-03-24 12:36:02.622991+00:00,26.235511779785156
Group 10,temperature,2026-03-24 12:36:08.056160+00:00,26.250396728515625
Group 10,temperature,2026-03-24 12:36:13.591569+00:00,26.245431900024414
Group 10,temperature,2026-03-24 12:36:19.232128+00:00,26.237993240356445
Group 10,temperature,2026-03-24 12:36:24.663677+00:00,26.245431900024414
Group 10,temperature,2026-03-24 12:36:30.198178+00:00,26.252901077270508
Group 10,temperature,2026-03-24 12:36:35.735430+00:00,26.260337829589844
Group 10,temperature,2026-03-24 12:36:41.269994+00:00,26.242950439453125
Group 10,temperature,2026-03-24 12:36:46.808545+00:00,26.295085906982422
Group 10,temperature,2026-03-24 12:36:52.340722+00:00,26.096481323242188
Group 10,temperature,2026-03-24 12:36:57.877035+00:00,26.233020782470703
Group 10,temperature,2026-03-24 12:37:03.413558+00:00,26.245431900024414
Group 10,temperature,2026-03-24 12:37:08.949196+00:00,26.247913360595703
Group 10,temperature,2026-03-24 12:37:14.486059+00:00,26.265304565429688
Group 10,temperature,2026-03-24 12:37:19.916292+00:00,26.16847801208496
Group 10,temperature,2026-03-24 12:37:25.555832+00:00,26.29756736755371
Group 10,temperature,2026-03-24 12:37:30.991468+00:00,26.240467071533203
Group 10,temperature,2026-03-24 12:37:36.523637+00:00,26.198261260986328
Group 10,temperature,2026-03-24 12:37:42.059561+00:00,26.237993240356445
Group 10,temperature,2026-03-24 12:37:47.595266+00:00,26.225570678710938
Group 10,temperature,2026-03-24 12:37:53.131220+00:00,26.250396728515625
Group 10,temperature,2026-03-24 12:37:58.667234+00:00,26.18337631225586
Group 10,temperature,2026-03-24 12:38:04.202442+00:00,26.2702579498291
Group 10,temperature,2026-03-24 12:38:09.738399+00:00,26.24542236328125
Group 10,temperature,2026-03-24 12:38:15.273905+00:00,26.260337829589844
Group 10,temperature,2026-03-24 12:38:20.810435+00:00,26.136194229125977
Group 10,temperature,2026-03-24 12:38:26.346928+00:00,26.21813201904297
Group 10,temperature,2026-03-24 12:38:31.885371+00:00,26.210683822631836
Group 10,temperature,2026-03-24 12:38:37.416969+00:00,26.233020782470703
Group 10,temperature,2026-03-24 12:38:42.956672+00:00,26.255361557006836
Group 10,temperature,2026-03-24 12:38:48.384210+00:00,26.287628173828125
Group 10,temperature,2026-03-24 12:38:54.031067+00:00,26.21067237854004
Group 10,temperature,2026-03-24 12:38:59.457297+00:00,26.22308921813965
Group 10,temperature,2026-03-24 12:39:04.992640+00:00,26.305017471313477
Group 10,temperature,2026-03-24 12:39:10.555135+00:00,26.265283584594727
Group 10,temperature,2026-03-24 12:39:16.067003+00:00,26.2702579498291
Group 10,temperature,2026-03-24 12:39:21.599815+00:00,26.18584632873535
Group 10,temperature,2026-03-24 12:39:27.134817+00:00,26.203237533569336
Group 10,temperature,2026-03-24 12:39:32.670529+00:00,26.23301124572754
Group 10,temperature,2026-03-24 12:39:38.205763+00:00,26.096481323242188
Group 10,temperature,2026-03-24 12:39:43.846840+00:00,26.188329696655273
Group 10,temperature,2026-03-24 12:39:51.691377+00:00,26.228052139282227
Group 10,temperature,2026-03-24 12:39:54.814056+00:00,26.225570678710938
Group 10,temperature,2026-03-24 12:40:00.349740+00:00,26.245431900024414
Group 10,temperature,2026-03-24 12:40:05.781496+00:00,26.198261260986328
Group 10,temperature,2026-03-24 12:40:11.316571+00:00,26.19828224182129
Group 10,temperature,2026-03-24 12:40:16.852129+00:00,26.295085906982422
Group 10,temperature,2026-03-24 12:40:22.492335+00:00,26.18585777282715
Group 10,temperature,2026-03-24 12:40:27.931744+00:00,26.24294090270996
Group 10,temperature,2026-03-24 12:40:33.459184+00:00,26.18089485168457
Group 10,temperature,2026-03-24 12:40:38.996157+00:00,26.255361557006836
Group 10,temperature,2026-03-24 12:40:44.531418+00:00,26.225582122802734
Group 10,temperature,2026-03-24 12:40:50.066664+00:00,26.265283584594727
Group 10,temperature,2026-03-24 12:40:55.603591+00:00,26.27771759033203
Group 10,temperature,2026-03-24 12:41:01.138601+00:00,26.2926025390625
Group 10,temperature,2026-03-24 12:41:06.675156+00:00,26.25784683227539
Group 10,temperature,2026-03-24 12:41:12.212708+00:00,26.30254364013672
Group 10,temperature,2026-03-24 12:41:17.745327+00:00,26.275226593017578
Group 10,temperature,2026-03-24 12:41:23.282167+00:00,26.228052139282227
Group 10,temperature,2026-03-24 12:41:28.817372+00:00,26.225570678710938
Group 10,temperature,2026-03-24 12:41:34.353519+00:00,26.26529312133789
Group 10,temperature,2026-03-24 12:41:39.790294+00:00,26.260316848754883
Group 10,temperature,2026-03-24 12:41:45.319112+00:00,26.29756736755371
Group 10,temperature,2026-03-24 12:41:50.856565+00:00,26.225570678710938
Group 10,temperature,2026-03-24 12:41:56.392015+00:00,26.255361557006836
Group 10,temperature,2026-03-24 12:42:01.927693+00:00,26.21315574645996
Group 10,temperature,2026-03-24 12:42:07.467152+00:00,26.20819091796875
Group 10,temperature,2026-03-24 12:42:12.999978+00:00,26.225570678710938
Group 10,temperature,2026-03-24 12:42:18.534350+00:00,26.193294525146484
Group 10,temperature,2026-03-24 12:42:24.070851+00:00,26.240478515625
Group 10,temperature,2026-03-24 12:42:29.606166+00:00,26.193294525146484
Group 10,temperature,2026-03-24 12:42:35.149191+00:00,26.198261260986328
Group 10,temperature,2026-03-24 12:42:40.782240+00:00,26.302532196044922
Group 10,temperature,2026-03-24 12:42:46.214188+00:00,26.24544334411621
Group 10,temperature,2026-03-24 12:42:51.645409+00:00,26.240467071533203
Group 10,temperature,2026-03-24 12:42:57.284836+00:00,26.198272705078125
Group 10,temperature,2026-03-24 12:43:02.821198+00:00,26.21315574645996
Group 10,temperature,2026-03-24 12:43:08.357252+00:00,26.218120574951172
Group 10,temperature,2026-03-24 12:43:13.891231+00:00,26.21315574645996
Group 10,temperature,2026-03-24 12:43:19.323663+00:00,26.22060203552246
Group 10,temperature,2026-03-24 12:43:24.860709+00:00,26.26778793334961
Group 10,temperature,2026-03-24 12:43:30.394978+00:00,26.21813201904297
Group 10,temperature,2026-03-24 12:43:35.934408+00:00,26.252880096435547
Group 10,temperature,2026-03-24 12:43:41.571419+00:00,26.208202362060547
Group 10,temperature,2026-03-24 12:43:47.004890+00:00,26.215641021728516
Group 10,temperature,2026-03-24 12:43:52.539683+00:00,26.2479248046875
Group 10,temperature,2026-03-24 12:43:58.074636+00:00,26.29756736755371
Group 10,temperature,2026-03-24 12:44:03.613957+00:00,26.230545043945312
Group 10,temperature,2026-03-24 12:44:09.148738+00:00,26.23052406311035
Group 10,temperature,2026-03-24 12:44:14.682672+00:00,26.260337829589844
Group 10,temperature,2026-03-24 12:44:20.220541+00:00,26.228063583374023
Group 10,temperature,2026-03-24 12:44:25.756003+00:00,26.242961883544922
Group 10,temperature,2026-03-24 12:44:31.184502+00:00,26.215641021728516
Group 10,temperature,2026-03-24 12:44:36.719834+00:00,26.220623016357422
Group 10,temperature,2026-03-24 12:44:42.258462+00:00,26.26529312133789
Group 10,temperature,2026-03-24 12:44:47.824537+00:00,26.290109634399414
Group 10,temperature,2026-03-24 12:44:53.327779+00:00,26.21067237854004
Group 10,temperature,2026-03-24 12:44:58.865779+00:00,26.300060272216797
Group 10,temperature,2026-03-24 12:45:04.401225+00:00,26.23798179626465
Group 10,temperature,2026-03-24 12:45:09.940468+00:00,26.203237533569336
Group 10,temperature,2026-03-24 12:45:15.472837+00:00,26.2926025390625
Group 10,temperature,2026-03-24 12:45:21.006713+00:00,26.225582122802734
Group 10,temperature,2026-03-24 12:45:26.542808+00:00,26.23798179626465
Group 10,temperature,2026-03-24 12:45:32.083484+00:00,26.29756736755371
Group 10,temperature,2026-03-24 12:45:37.614412+00:00,26.260326385498047
Group 10,temperature,2026-03-24 12:45:43.150379+00:00,26.2479248046875
Group 10,temperature,2026-03-24 12:45:48.686216+00:00,26.250396728515625
Group 10,temperature,2026-03-24 12:45:54.221185+00:00,26.230533599853516
Group 10,temperature,2026-03-24 12:45:59.757974+00:00,26.240478515625
Group 10,temperature,2026-03-24 12:46:05.295059+00:00,26.250396728515625
Group 10,temperature,2026-03-24 12:46:10.725899+00:00,26.215641021728516
Group 10,temperature,2026-03-24 12:46:16.261902+00:00,26.265304565429688
Group 10,temperature,2026-03-24 12:46:21.796498+00:00,26.260337829589844
Group 10,temperature,2026-03-24 12:46:27.339515+00:00,26.275238037109375
Group 10,temperature,2026-03-24 12:46:32.872372+00:00,26.26778793334961
Group 10,temperature,2026-03-24 12:46:38.413189+00:00,26.257858276367188
Group 10,temperature,2026-03-24 12:46:43.975739+00:00,26.27769660949707
Group 10,temperature,2026-03-24 12:46:49.482252+00:00,26.290130615234375
Group 10,temperature,2026-03-24 12:46:55.022849+00:00,26.295085906982422
Group 10,temperature,2026-03-24 12:47:00.576678+00:00,26.225582122802734
Group 10,temperature,2026-03-24 12:47:06.082854+00:00,26.247913360595703
Group 10,temperature,2026-03-24 12:47:11.619553+00:00,26.218111038208008
Group 10,temperature,2026-03-24 12:47:17.156112+00:00,26.250408172607422
Group 10,temperature,2026-03-24 12:47:22.689714+00:00,26.27771759033203
Group 10,temperature,2026-03-24 12:47:28.335864+00:00,26.297578811645508
Group 10,temperature,2026-03-24 12:47:33.659253+00:00,26.25784683227539
Group 10,temperature,2026-03-24 12:47:39.311558+00:00,26.285167694091797
Group 10,temperature,2026-03-24 12:47:44.731469+00:00,26.24544334411621
Group 10,temperature,2026-03-24 12:47:50.368125+00:00,26.2628116607666
Group 10,temperature,2026-03-24 12:47:55.799624+00:00,26.208202362060547
Group 10,temperature,2026-03-24 12:48:01.335410+00:00,26.292593002319336
Group 10,temperature,2026-03-24 12:48:06.874126+00:00,26.29756736755371
Group 10,temperature,2026-03-24 12:48:12.436886+00:00,26.245431900024414
Group 10,temperature,2026-03-24 12:48:17.942826+00:00,26.300048828125
Group 10,temperature,2026-03-24 12:48:23.481217+00:00,26.245431900024414
Group 10,temperature,2026-03-24 12:48:29.030114+00:00,26.26531410217285
Group 10,temperature,2026-03-24 12:48:34.584657+00:00,26.280187606811523
Group 10,temperature,2026-03-24 12:48:40.085078+00:00,26.21067237854004
Group 10,temperature,2026-03-24 12:48:45.620941+00:00,26.235511779785156
Group 10,temperature,2026-03-24 12:48:51.270508+00:00,26.242950439453125
Group 10,temperature,2026-03-24 12:48:56.588761+00:00,26.240467071533203
Group 10,temperature,2026-03-24 12:49:02.124731+00:00,26.2479248046875
Group 10,temperature,2026-03-24 12:49:07.659713+00:00,26.225570678710938
Group 10,temperature,2026-03-24 12:49:13.302258+00:00,26.277706146240234
Group 10,temperature,2026-03-24 12:49:18.731752+00:00,26.31991195678711
Group 10,temperature,2026-03-24 12:49:24.267111+00:00,26.245464324951172
Group 10,temperature,2026-03-24 12:49:29.803490+00:00,26.2628116607666
Group 10,temperature,2026-03-24 12:49:35.338045+00:00,26.285167694091797
Group 10,temperature,2026-03-24 12:49:40.874310+00:00,26.20570945739746
Group 10,temperature,2026-03-24 12:49:46.412415+00:00,26.3074893951416
Group 10,temperature,2026-03-24 12:49:51.960697+00:00,26.230533599853516
Group 10,temperature,2026-03-24 12:49:57.486282+00:00,26.305028915405273
Group 10,temperature,2026-03-24 12:50:03.019814+00:00,26.22308921813965
Group 10,temperature,2026-03-24 12:50:08.552974+00:00,26.228052139282227
Group 10,temperature,2026-03-24 12:50:14.088182+00:00,26.30254364013672
Group 10,temperature,2026-03-24 12:50:19.627957+00:00,26.317440032958984
Group 10,temperature,2026-03-24 12:50:25.266472+00:00,26.2479248046875
Group 10,temperature,2026-03-24 12:50:30.698309+00:00,26.28517723083496
Group 10,temperature,2026-03-24 12:50:36.234461+00:00,26.233020782470703
Group 10,temperature,2026-03-24 12:50:41.664709+00:00,26.25784683227539
Group 10,temperature,2026-03-24 12:50:47.199768+00:00,26.2628116607666
Group 10,temperature,2026-03-24 12:50:52.741392+00:00,26.220592498779297
Group 10,temperature,2026-03-24 12:50:58.270452+00:00,26.252891540527344
Group 10,temperature,2026-03-24 12:51:03.805958+00:00,26.27769660949707
Group 10,temperature,2026-03-24 12:51:09.343232+00:00,26.272741317749023
Group 10,temperature,2026-03-24 12:51:14.885106+00:00,26.272741317749023
Group 10,temperature,2026-03-24 12:51:20.518393+00:00,26.2628116607666
Group 10,temperature,2026-03-24 12:51:25.950311+00:00,26.2628116607666
Group 10,temperature,2026-03-24 12:51:31.487711+00:00,26.215652465820312
Group 10,temperature,2026-03-24 12:51:37.233017+00:00,26.228042602539062
Group 10,temperature,2026-03-24 12:51:42.558379+00:00,26.223100662231445
Group 10,temperature,2026-03-24 12:51:48.198934+00:00,26.275226593017578
Group 10,temperature,2026-03-24 12:51:53.525205+00:00,26.305017471313477
Group 10,temperature,2026-03-24 12:51:59.060958+00:00,26.14364242553711
Group 10,temperature,2026-03-24 12:52:04.596600+00:00,26.2628116607666
Group 10,temperature,2026-03-24 12:52:10.236230+00:00,26.26529312133789
Group 10,temperature,2026-03-24 12:52:15.772257+00:00,26.2926025390625
Group 10,temperature,2026-03-24 12:52:21.205002+00:00,26.2628116607666
Group 10,temperature,2026-03-24 12:52:26.739629+00:00,26.290119171142578
Group 10,temperature,2026-03-24 12:52:32.274868+00:00,26.305028915405273
Group 10,temperature,2026-03-24 12:52:37.811185+00:00,26.29756736755371
Group 10,temperature,2026-03-24 12:52:43.346610+00:00,26.344738006591797
Group 10,temperature,2026-03-24 12:52:48.882211+00:00,26.32735824584961
Group 10,temperature,2026-03-24 12:52:54.418049+00:00,26.32241439819336
Group 10,temperature,2026-03-24 12:52:59.954152+00:00,26.25784683227539
Group 10,temperature,2026-03-24 12:53:06.691084+00:00,26.275226593017578
Group 10,temperature,2026-03-24 12:53:11.026160+00:00,26.27771759033203
Group 10,temperature,2026-03-24 12:53:16.457860+00:00,26.275226593017578
Group 10,temperature,2026-03-24 12:53:21.993216+00:00,26.161022186279297
Group 10,temperature,2026-03-24 12:53:27.528238+00:00,26.352184295654297
Group 10,temperature,2026-03-24 12:53:33.064802+00:00,26.34970474243164
Group 10,temperature,2026-03-24 12:53:38.705167+00:00,26.230545043945312
Group 10,temperature,2026-03-24 12:53:44.136882+00:00,26.28515625
Group 10,temperature,2026-03-24 12:53:49.672739+00:00,26.31991195678711
Group 10,temperature,2026-03-24 12:53:55.208887+00:00,26.337291717529297
Group 10,temperature,2026-03-24 12:54:00.744574+00:00,26.305028915405273
Group 10,temperature,2026-03-24 12:54:06.279550+00:00,26.252880096435547
Group 10,temperature,2026-03-24 12:54:11.817316+00:00,26.2330322265625
Group 10,temperature,2026-03-24 12:54:17.351608+00:00,26.327348709106445
Group 10,temperature,2026-03-24 12:54:22.886816+00:00,26.312463760375977
Group 10,temperature,2026-03-24 12:54:28.318151+00:00,26.357152938842773
Group 10,temperature,2026-03-24 12:54:33.958627+00:00,26.32985496520996
Group 10,temperature,2026-03-24 12:54:39.494626+00:00,26.17095375061035
Group 10,temperature,2026-03-24 12:54:44.925146+00:00,26.337291717529297
Group 10,temperature,2026-03-24 12:54:50.461852+00:00,26.260326385498047
Group 10,temperature,2026-03-24 12:54:55.997353+00:00,26.34723472595215
Group 10,temperature,2026-03-24 12:55:01.532812+00:00,26.302532196044922
Group 10,temperature,2026-03-24 12:55:07.069394+00:00,26.252880096435547
Group 10,temperature,2026-03-24 12:55:12.708298+00:00,26.27275276184082
Group 10,temperature,2026-03-24 12:55:18.140400+00:00,26.319902420043945
Group 10,temperature,2026-03-24 12:55:23.675424+00:00,26.280187606811523
Group 10,temperature,2026-03-24 12:55:29.221016+00:00,26.28019905090332
Group 10,temperature,2026-03-24 12:55:34.748346+00:00,26.275238037109375
Group 10,temperature,2026-03-24 12:55:40.282021+00:00,26.352184295654297
Group 10,temperature,2026-03-24 12:55:45.924289+00:00,26.3223934173584
Group 10,temperature,2026-03-24 12:55:51.355647+00:00,26.34722328186035
Group 10,temperature,2026-03-24 12:55:56.888915+00:00,26.329843521118164
Group 10,temperature,2026-03-24 12:56:02.322566+00:00,26.252880096435547
Group 10,temperature,2026-03-24 12:56:07.865776+00:00,26.37453269958496
Group 10,temperature,2026-03-24 12:56:13.499850+00:00,26.317428588867188
Group 10,temperature,2026-03-24 12:56:18.929851+00:00,26.25784683227539
Group 10,temperature,2026-03-24 12:56:24.589634+00:00,26.309978485107422
Group 10,temperature,2026-03-24 12:56:30.118144+00:00,26.352184295654297
Group 10,temperature,2026-03-24 12:56:35.648187+00:00,26.250396728515625
Group 10,temperature,2026-03-24 12:56:41.077942+00:00,26.337291717529297
Group 10,temperature,2026-03-24 12:56:46.608004+00:00,26.314958572387695
Group 10,temperature,2026-03-24 12:56:52.144485+00:00,26.327348709106445
Group 10,temperature,2026-03-24 12:56:57.680658+00:00,26.267776489257812
Group 10,temperature,2026-03-24 12:57:03.215833+00:00,26.3074893951416
Group 10,temperature,2026-03-24 12:57:08.776402+00:00,26.23798179626465
Group 10,temperature,2026-03-24 12:57:14.203723+00:00,26.32735824584961
Group 10,temperature,2026-03-24 12:57:19.730956+00:00,26.357152938842773
Group 10,temperature,2026-03-24 12:57:25.358407+00:00,26.24790382385254
Group 10,temperature,2026-03-24 12:57:30.791047+00:00,26.41427230834961
Group 10,temperature,2026-03-24 12:57:36.327069+00:00,26.401840209960938
Group 10,temperature,2026-03-24 12:57:41.871699+00:00,26.32985496520996
Group 10,temperature,2026-03-24 12:57:47.397764+00:00,26.307510375976562
Group 10,temperature,2026-03-24 12:57:52.932960+00:00,26.300060272216797
Group 10,temperature,2026-03-24 12:57:58.468600+00:00,26.307498931884766
Group 10,temperature,2026-03-24 12:58:04.045594+00:00,26.26776695251465
Group 10,temperature,2026-03-24 12:58:09.548548+00:00,26.332324981689453
Group 10,temperature,2026-03-24 12:58:15.076013+00:00,26.230533599853516
Group 10,temperature,2026-03-24 12:58:20.507124+00:00,26.302532196044922
Group 10,temperature,2026-03-24 12:58:26.148036+00:00,26.384475708007812
Group 10,temperature,2026-03-24 12:58:31.787301+00:00,26.41176986694336
Group 10,temperature,2026-03-24 12:58:37.244551+00:00,26.260326385498047
Group 10,temperature,2026-03-24 12:58:42.673767+00:00,26.242961883544922
Group 10,temperature,2026-03-24 12:58:48.186356+00:00,26.26778793334961
Group 10,temperature,2026-03-24 12:58:53.734413+00:00,26.37949562072754
Group 10,temperature,2026-03-24 12:58:59.263776+00:00,26.305038452148438
Group 10,temperature,2026-03-24 12:59:04.794564+00:00,26.295076370239258
Group 10,temperature,2026-03-24 12:59:10.328586+00:00,26.35466957092285
Group 10,temperature,2026-03-24 12:59:15.864997+00:00,26.32486915588379
Group 10,temperature,2026-03-24 12:59:21.401851+00:00,26.233020782470703
Group 10,temperature,2026-03-24 12:59:26.961386+00:00,26.312463760375977
Group 10,temperature,2026-03-24 12:59:32.493236+00:00,26.391910552978516
Group 10,temperature,2026-03-24 12:59:38.007084+00:00,26.34722328186035
Group 10,temperature,2026-03-24 12:59:43.552589+00:00,26.35714340209961
Group 10,temperature,2026-03-24 12:59:49.084407+00:00,26.429149627685547
Group 10,temperature,2026-03-24 12:59:54.614720+00:00,26.391910552978516
Group 10,temperature,2026-03-24 13:00:00.113066+00:00,26.36212730407715
Group 10,temperature,2026-03-24 13:00:05.583893+00:00,26.33233642578125
Group 10,temperature,2026-03-24 13:00:11.248733+00:00,26.374523162841797
Group 10,temperature,2026-03-24 13:00:16.744260+00:00,26.367084503173828
Group 10,temperature,2026-03-24 13:00:22.309150+00:00,26.409290313720703
Group 10,temperature,2026-03-24 13:00:27.839747+00:00,26.344738006591797
Group 10,temperature,2026-03-24 13:00:33.267975+00:00,26.334808349609375
Group 10,temperature,2026-03-24 13:00:38.797222+00:00,26.290119171142578
Group 10,temperature,2026-03-24 13:00:44.334043+00:00,26.426681518554688
Group 10,temperature,2026-03-24 13:00:49.869038+00:00,26.436599731445312
Group 10,temperature,2026-03-24 13:00:55.405863+00:00,26.37949562072754
Group 10,temperature,2026-03-24 13:01:00.949993+00:00,26.431631088256836
Group 10,temperature,2026-03-24 13:01:06.506930+00:00,26.342254638671875
Group 10,temperature,2026-03-24 13:01:12.034624+00:00,26.317428588867188
Group 10,temperature,2026-03-24 13:01:17.549035+00:00,26.3223934173584
Group 10,temperature,2026-03-24 13:01:23.085604+00:00,26.344728469848633
Group 10,temperature,2026-03-24 13:01:28.520466+00:00,26.37205696105957
Group 10,temperature,2026-03-24 13:01:34.159424+00:00,26.40928077697754
Group 10,temperature,2026-03-24 13:01:39.587238+00:00,26.416749954223633
Group 10,temperature,2026-03-24 13:01:45.123145+00:00,26.384464263916016
Group 10,temperature,2026-03-24 13:01:50.660378+00:00,26.391910552978516
Group 10,temperature,2026-03-24 13:01:56.193268+00:00,26.332324981689453
Group 10,temperature,2026-03-24 13:02:01.728211+00:00,26.458932876586914
Group 10,temperature,2026-03-24 13:02:07.266543+00:00,26.45150375366211
Group 10,temperature,2026-03-24 13:02:12.801157+00:00,26.2926025390625
Group 10,temperature,2026-03-24 13:02:18.337509+00:00,26.4093017578125
Group 10,temperature,2026-03-24 13:02:23.871940+00:00,26.399349212646484
Group 10,temperature,2026-03-24 13:02:29.410880+00:00,26.391921997070312
Group 10,temperature,2026-03-24 13:02:34.944443+00:00,26.496171951293945
Group 10,temperature,2026-03-24 13:02:40.526405+00:00,26.37949562072754
Group 10,temperature,2026-03-24 13:02:46.131878+00:00,26.446529388427734
Group 10,temperature,2026-03-24 13:02:51.449311+00:00,26.416738510131836
Group 10,temperature,2026-03-24 13:02:56.985209+00:00,26.404333114624023
Group 10,temperature,2026-03-24 13:03:02.519348+00:00,26.406816482543945
Group 10,temperature,2026-03-24 13:03:08.054827+00:00,26.409290313720703
Group 10,temperature,2026-03-24 13:03:13.592427+00:00,26.421701431274414
Group 10,temperature,2026-03-24 13:03:19.126452+00:00,26.367084503173828
Group 10,temperature,2026-03-24 13:03:24.687134+00:00,26.458942413330078
Group 10,temperature,2026-03-24 13:03:30.213534+00:00,26.4688720703125
Group 10,temperature,2026-03-24 13:03:35.733263+00:00,26.50362777709961
Group 10,temperature,2026-03-24 13:03:41.272308+00:00,26.555776596069336
Group 10,temperature,2026-03-24 13:03:46.805037+00:00,26.38197898864746
Group 10,temperature,2026-03-24 13:03:52.238478+00:00,26.540884017944336
Group 10,temperature,2026-03-24 13:03:57.771949+00:00,26.468883514404297
Group 10,temperature,2026-03-24 13:04:03.309683+00:00,26.384464263916016
Group 10,temperature,2026-03-24 13:04:08.843507+00:00,26.42667007446289
Group 10,temperature,2026-03-24 13:04:14.484600+00:00,26.436599731445312
Group 10,temperature,2026-03-24 13:04:20.019982+00:00,26.463897705078125
Group 10,temperature,2026-03-24 13:04:25.461650+00:00,26.406816482543945
Group 10,temperature,2026-03-24 13:04:30.986725+00:00,26.47136688232422
Group 10,temperature,2026-03-24 13:04:36.522482+00:00,26.508586883544922
Group 10,temperature,2026-03-24 13:04:42.058157+00:00,26.46142578125
Group 10,temperature,2026-03-24 13:04:47.592740+00:00,26.53341293334961
Group 10,temperature,2026-03-24 13:04:53.155951+00:00,26.543354034423828
Group 10,temperature,2026-03-24 13:04:58.585168+00:00,26.42667007446289
Group 10,temperature,2026-03-24 13:05:04.096785+00:00,26.493698120117188
Group 10,temperature,2026-03-24 13:05:09.636237+00:00,26.511077880859375
Group 10,temperature,2026-03-24 13:05:15.180372+00:00,26.49618148803711
Group 10,temperature,2026-03-24 13:05:20.812124+00:00,26.486263275146484
Group 10,temperature,2026-03-24 13:05:26.241983+00:00,26.429140090942383
Group 10,temperature,2026-03-24 13:05:31.794801+00:00,26.471355438232422
Group 10,temperature,2026-03-24 13:05:37.311708+00:00,26.53093910217285
Group 10,temperature,2026-03-24 13:05:42.847956+00:00,26.458942413330078
Group 10,temperature,2026-03-24 13:05:48.402359+00:00,26.545833587646484
Group 10,temperature,2026-03-24 13:05:53.932312+00:00,26.53093910217285
Group 10,temperature,2026-03-24 13:05:59.463577+00:00,26.404321670532227
Group 10,temperature,2026-03-24 13:06:04.997153+00:00,26.486251831054688
Group 10,temperature,2026-03-24 13:06:10.543030+00:00,26.49618148803711
Group 10,temperature,2026-03-24 13:06:16.062799+00:00,26.411781311035156
Group 10,temperature,2026-03-24 13:06:21.596560+00:00,26.473827362060547
Group 10,temperature,2026-03-24 13:06:27.162202+00:00,26.35466957092285
Group 10,temperature,2026-03-24 13:06:32.586313+00:00,26.54087257385254
Group 10,temperature,2026-03-24 13:06:38.101435+00:00,26.580604553222656
Group 10,temperature,2026-03-24 13:06:43.744672+00:00,26.493709564208984
Group 10,temperature,2026-03-24 13:06:49.180231+00:00,26.421701431274414
Group 10,temperature,2026-03-24 13:06:54.714494+00:00,26.588043212890625
Group 10,temperature,2026-03-24 13:07:00.244464+00:00,26.38942527770996
Group 10,temperature,2026-03-24 13:07:05.779103+00:00,26.52597427368164
Group 10,temperature,2026-03-24 13:07:11.317886+00:00,26.47383689880371
Group 10,temperature,2026-03-24 13:07:16.966876+00:00,26.38695526123047
Group 10,temperature,2026-03-24 13:07:22.509104+00:00,26.53343391418457
Group 10,temperature,2026-03-24 13:07:27.922879+00:00,26.39440155029297
Group 10,temperature,2026-03-24 13:07:33.459211+00:00,26.5358943939209
Group 10,temperature,2026-03-24 13:07:39.005637+00:00,26.4688720703125
Group 10,temperature,2026-03-24 13:07:44.426568+00:00,26.49618148803711
Group 10,temperature,2026-03-24 13:07:49.962522+00:00,26.51357078552246
Group 10,temperature,2026-03-24 13:07:55.503309+00:00,26.429149627685547
Group 10,temperature,2026-03-24 13:08:01.039793+00:00,26.36460304260254
Group 10,temperature,2026-03-24 13:08:06.569438+00:00,26.513559341430664
Group 10,temperature,2026-03-24 13:08:12.119671+00:00,26.44902229309082
Group 10,temperature,2026-03-24 13:08:17.653457+00:00,26.396875381469727
Group 10,temperature,2026-03-24 13:08:23.193126+00:00,26.575639724731445
Group 10,temperature,2026-03-24 13:08:28.816326+00:00,26.401830673217773
Group 10,temperature,2026-03-24 13:08:34.247491+00:00,26.53095054626465
Group 10,temperature,2026-03-24 13:08:39.782410+00:00,26.44651985168457
Group 10,temperature,2026-03-24 13:08:45.319763+00:00,26.406816482543945
Group 10,temperature,2026-03-24 13:08:50.787233+00:00,26.394390106201172
Group 10,temperature,2026-03-24 13:08:56.390688+00:00,26.511089324951172
Group 10,temperature,2026-03-24 13:09:01.823169+00:00,26.34970474243164
Group 10,temperature,2026-03-24 13:09:07.360877+00:00,26.41176986694336
Group 10,temperature,2026-03-24 13:09:12.897562+00:00,26.501148223876953
Group 10,temperature,2026-03-24 13:09:18.428813+00:00,26.4688720703125
Group 10,temperature,2026-03-24 13:09:23.965013+00:00,26.471355438232422
Group 10,temperature,2026-03-24 13:09:29.501322+00:00,26.535903930664062
Group 10,temperature,2026-03-24 13:09:35.062306+00:00,26.481298446655273
Group 10,temperature,2026-03-24 13:09:40.573084+00:00,26.508596420288086
Group 10,temperature,2026-03-24 13:09:46.108160+00:00,26.38942527770996
Group 10,temperature,2026-03-24 13:09:51.858860+00:00,26.404321670532227
Group 10,temperature,2026-03-24 13:09:57.180664+00:00,26.4837589263916
Group 10,temperature,2026-03-24 13:10:02.820152+00:00,26.58307456970215
Group 10,temperature,2026-03-24 13:10:08.251879+00:00,26.540884017944336
Group 10,temperature,2026-03-24 13:10:13.787642+00:00,26.45646095275879
Group 10,temperature,2026-03-24 13:10:19.218937+00:00,26.563203811645508
Group 10,temperature,2026-03-24 13:10:24.860050+00:00,26.40680503845215
Group 10,temperature,2026-03-24 13:10:30.290412+00:00,26.481298446655273
Group 10,temperature,2026-03-24 13:10:35.827786+00:00,26.406816482543945
Group 10,temperature,2026-03-24 13:10:41.363362+00:00,26.516042709350586
Group 10,temperature,2026-03-24 13:10:46.899243+00:00,26.39935874938965
Group 10,temperature,2026-03-24 13:10:52.433490+00:00,26.51106834411621
Group 10,temperature,2026-03-24 13:10:57.969695+00:00,26.51357078552246
Group 10,temperature,2026-03-24 13:11:03.503654+00:00,26.429149627685547
Group 10,temperature,2026-03-24 13:11:09.040872+00:00,26.44902229309082
Group 10,temperature,2026-03-24 13:11:14.581592+00:00,26.463897705078125
Group 10,temperature,2026-03-24 13:11:20.135842+00:00,26.441574096679688
Group 10,temperature,2026-03-24 13:11:25.677789+00:00,26.37701416015625
Group 10,temperature,2026-03-24 13:11:31.185701+00:00,26.560733795166016
Group 10,temperature,2026-03-24 13:11:36.617462+00:00,26.466402053833008
Group 10,temperature,2026-03-24 13:11:42.151997+00:00,26.558252334594727
Group 10,temperature,2026-03-24 13:11:47.692298+00:00,26.458942413330078
Group 10,temperature,2026-03-24 13:11:53.327021+00:00,26.414262771606445
Group 10,temperature,2026-03-24 13:11:58.758415+00:00,26.461416244506836
Group 10,temperature,2026-03-24 13:12:04.294499+00:00,26.593008041381836
Group 10,temperature,2026-03-24 13:12:09.829340+00:00,26.419219970703125
Group 10,temperature,2026-03-24 13:12:15.366085+00:00,26.493709564208984
Group 10,temperature,2026-03-24 13:12:20.900912+00:00,26.543354034423828
Group 10,temperature,2026-03-24 13:12:26.435772+00:00,26.468862533569336
Group 10,temperature,2026-03-24 13:12:31.974779+00:00,26.451492309570312
Group 10,temperature,2026-03-24 13:12:37.511379+00:00,26.590524673461914
Group 10,temperature,2026-03-24 13:12:42.942094+00:00,26.501148223876953
Group 10,temperature,2026-03-24 13:12:48.601993+00:00,26.508607864379883
Group 10,temperature,2026-03-24 13:12:54.129528+00:00,26.449010848999023
Group 10,temperature,2026-03-24 13:12:59.652202+00:00,26.458942413330078
Group 10,temperature,2026-03-24 13:13:05.085731+00:00,26.49618148803711
Group 10,temperature,2026-03-24 13:13:10.620484+00:00,26.61784553527832
Group 10,temperature,2026-03-24 13:13:16.154901+00:00,26.41425132751465
Group 10,temperature,2026-03-24 13:13:21.797374+00:00,26.511089324951172
Group 10,temperature,2026-03-24 13:13:27.226953+00:00,26.511077880859375
Group 10,temperature,2026-03-24 13:13:32.762318+00:00,26.4912166595459
Group 10,temperature,2026-03-24 13:13:38.319611+00:00,26.47383689880371
Group 10,temperature,2026-03-24 13:13:43.848947+00:00,26.4837589263916
Group 10,temperature,2026-03-24 13:13:49.369753+00:00,26.49867820739746
Group 10,temperature,2026-03-24 13:13:54.905490+00:00,26.444046020507812
Group 10,temperature,2026-03-24 13:14:00.545420+00:00,26.46142578125
Group 10,temperature,2026-03-24 13:14:05.976343+00:00,26.558242797851562
Group 10,temperature,2026-03-24 13:14:11.514190+00:00,26.491228103637695
Group 10,temperature,2026-03-24 13:14:17.048355+00:00,26.458942413330078
Group 10,temperature,2026-03-24 13:14:22.483043+00:00,26.52597427368164
Group 10,temperature,2026-03-24 13:14:28.022435+00:00,26.429161071777344
Group 10,temperature,2026-03-24 13:14:33.551529+00:00,26.543354034423828
Group 10,temperature,2026-03-24 13:14:39.088316+00:00,26.34970474243164
Group 10,temperature,2026-03-24 13:14:44.625211+00:00,26.513559341430664
Group 10,temperature,2026-03-24 13:14:50.158798+00:00,26.533422470092773
Group 10,temperature,2026-03-24 13:14:55.696536+00:00,26.43659019470215
Group 10,temperature,2026-03-24 13:15:01.231487+00:00,26.49867820739746
Group 10,temperature,2026-03-24 13:15:06.766548+00:00,26.46144676208496
Group 10,temperature,2026-03-24 13:15:14.696104+00:00,26.44156265258789
Group 10,temperature,2026-03-24 13:15:17.838004+00:00,26.491207122802734
Group 10,temperature,2026-03-24 13:15:23.373494+00:00,26.553274154663086
Group 10,temperature,2026-03-24 13:15:28.839570+00:00,26.44654083251953
Group 10,temperature,2026-03-24 13:15:34.445284+00:00,26.431631088256836
Group 10,temperature,2026-03-24 13:15:39.876496+00:00,26.558252334594727
Group 10,temperature,2026-03-24 13:15:45.412763+00:00,26.533422470092773
Group 10,temperature,2026-03-24 13:15:50.948805+00:00,26.409290313720703
Group 10,temperature,2026-03-24 13:15:56.588461+00:00,26.516042709350586
Group 10,temperature,2026-03-24 13:16:02.019568+00:00,26.488746643066406
Group 10,temperature,2026-03-24 13:16:07.554978+00:00,26.548330307006836
Group 10,temperature,2026-03-24 13:16:13.090089+00:00,26.478796005249023
Group 10,temperature,2026-03-24 13:16:18.626884+00:00,26.463918685913086
Group 10,temperature,2026-03-24 13:16:24.163428+00:00,26.426660537719727
Group 10,temperature,2026-03-24 13:16:29.699504+00:00,26.481287002563477
Group 10,temperature,2026-03-24 13:16:35.233808+00:00,26.4688720703125
Group 10,temperature,2026-03-24 13:16:40.769424+00:00,26.409290313720703
Group 10,temperature,2026-03-24 13:16:46.306235+00:00,26.568172454833984
Group 10,temperature,2026-03-24 13:16:51.945611+00:00,26.436599731445312
Group 10,temperature,2026-03-24 13:16:57.272543+00:00,26.478805541992188
Group 10,temperature,2026-03-24 13:17:02.808143+00:00,26.476322174072266
Group 10,temperature,2026-03-24 13:17:08.344133+00:00,26.573144912719727
Group 10,temperature,2026-03-24 13:17:13.879050+00:00,26.476322174072266
Group 10,temperature,2026-03-24 13:17:19.415772+00:00,26.57562828063965
Group 10,temperature,2026-03-24 13:17:24.952129+00:00,26.46142578125
Group 10,temperature,2026-03-24 13:17:30.487382+00:00,26.45150375366211
Group 10,temperature,2026-03-24 13:17:36.023433+00:00,26.45398712158203
Group 10,temperature,2026-03-24 13:17:41.560248+00:00,26.424182891845703
Group 10,temperature,2026-03-24 13:17:47.093888+00:00,26.38695526123047
Group 10,temperature,2026-03-24 13:17:52.630392+00:00,26.476322174072266
Group 10,temperature,2026-03-24 13:17:58.167881+00:00,26.55576515197754
Group 10,temperature,2026-03-24 13:18:03.702472+00:00,26.478816986083984
Group 10,temperature,2026-03-24 13:18:09.237540+00:00,26.488725662231445
Group 10,temperature,2026-03-24 13:18:14.670490+00:00,26.391910552978516
Group 10,temperature,2026-03-24 13:18:20.309228+00:00,26.46144676208496
Group 10,temperature,2026-03-24 13:18:25.844989+00:00,26.46639060974121
Group 10,temperature,2026-03-24 13:18:31.277318+00:00,26.49618148803711
Group 10,temperature,2026-03-24 13:18:36.811866+00:00,26.516042709350586
Group 10,temperature,2026-03-24 13:18:42.347959+00:00,26.53093910217285
Group 10,temperature,2026-03-24 13:18:47.884418+00:00,26.396865844726562
Group 10,temperature,2026-03-24 13:18:53.418955+00:00,26.476333618164062
Group 10,temperature,2026-03-24 13:18:58.955862+00:00,26.481277465820312
Group 10,temperature,2026-03-24 13:19:04.492554+00:00,26.416738510131836
Group 10,temperature,2026-03-24 13:19:10.029745+00:00,26.4390926361084
Group 10,temperature,2026-03-24 13:19:15.563957+00:00,26.419219970703125
Group 10,temperature,2026-03-24 13:19:21.098591+00:00,26.49618148803711
Group 10,temperature,2026-03-24 13:19:26.635023+00:00,26.434127807617188
Group 10,temperature,2026-03-24 13:19:32.275194+00:00,26.46390724182129
Group 10,temperature,2026-03-24 13:19:37.707267+00:00,26.461437225341797
Group 10,temperature,2026-03-24 13:19:43.256640+00:00,26.58307456970215
Group 10,temperature,2026-03-24 13:19:48.677006+00:00,26.41425132751465
Group 10,temperature,2026-03-24 13:19:54.216741+00:00,26.553295135498047
Group 10,temperature,2026-03-24 13:19:59.954955+00:00,26.580604553222656
Group 10,temperature,2026-03-24 13:20:05.280677+00:00,26.458953857421875
Group 10,temperature,2026-03-24 13:20:10.835186+00:00,26.431621551513672
Group 10,temperature,2026-03-24 13:20:16.353154+00:00,26.50362777709961
Group 10,temperature,2026-03-24 13:20:21.886917+00:00,26.54831886291504
Group 10,temperature,2026-03-24 13:20:27.423719+00:00,26.446529388427734
Group 10,temperature,2026-03-24 13:20:32.961828+00:00,26.456472396850586
Group 10,temperature,2026-03-24 13:20:38.499534+00:00,26.578113555908203
Group 10,temperature,2026-03-24 13:20:44.149893+00:00,26.39935874938965
Group 10,temperature,2026-03-24 13:20:49.567518+00:00,26.595489501953125
Group 10,temperature,2026-03-24 13:20:55.102163+00:00,26.394390106201172
Group 10,temperature,2026-03-24 13:21:00.533175+00:00,26.503618240356445
Group 10,temperature,2026-03-24 13:21:06.069080+00:00,26.521018981933594
Group 10,temperature,2026-03-24 13:21:11.605960+00:00,26.496192932128906
Group 10,temperature,2026-03-24 13:21:17.247206+00:00,26.46639060974121
Group 10,temperature,2026-03-24 13:21:22.676208+00:00,26.473827362060547
Group 10,temperature,2026-03-24 13:21:28.219492+00:00,26.359634399414062
Group 10,temperature,2026-03-24 13:21:33.959475+00:00,26.44403648376465
Group 10,temperature,2026-03-24 13:21:39.282996+00:00,26.411781311035156
Group 10,temperature,2026-03-24 13:21:44.819819+00:00,26.456451416015625
Group 10,temperature,2026-03-24 13:21:50.363754+00:00,26.498666763305664
Group 10,temperature,2026-03-24 13:21:55.995255+00:00,26.463918685913086
Group 10,temperature,2026-03-24 13:22:01.426670+00:00,26.419219970703125
Group 10,temperature,2026-03-24 13:22:06.858556+00:00,26.461437225341797
Group 10,temperature,2026-03-24 13:22:12.497553+00:00,26.44654083251953
Group 10,temperature,2026-03-24 13:22:17.929962+00:00,26.436599731445312
Group 10,temperature,2026-03-24 13:22:23.473952+00:00,26.431631088256836
Group 10,temperature,2026-03-24 13:22:29.106057+00:00,26.58555030822754
Group 10,temperature,2026-03-24 13:22:34.539767+00:00,26.466402053833008
Group 10,temperature,2026-03-24 13:22:40.073700+00:00,26.533422470092773
Group 10,temperature,2026-03-24 13:22:45.612262+00:00,26.511089324951172
Group 10,temperature,2026-03-24 13:22:51.153725+00:00,26.483768463134766
Group 10,temperature,2026-03-24 13:22:56.680384+00:00,26.570663452148438
Group 10,temperature,2026-03-24 13:23:02.215498+00:00,26.506113052368164
Group 10,temperature,2026-03-24 13:23:07.878398+00:00,26.46390724182129
Group 10,temperature,2026-03-24 13:23:13.289734+00:00,26.416738510131836
Group 10,temperature,2026-03-24 13:23:18.836537+00:00,26.384464263916016
Group 10,temperature,2026-03-24 13:23:24.360067+00:00,26.38197898864746
Group 10,temperature,2026-03-24 13:23:29.903736+00:00,26.45150375366211
Group 10,temperature,2026-03-24 13:23:35.478020+00:00,26.493698120117188
Group 10,temperature,2026-03-24 13:23:40.861009+00:00,26.55328369140625
Group 10,temperature,2026-03-24 13:23:46.397855+00:00,26.54087257385254
Group 10,temperature,2026-03-24 13:23:51.934068+00:00,26.498666763305664
Group 10,temperature,2026-03-24 13:23:57.472074+00:00,26.38695526123047
Group 10,temperature,2026-03-24 13:24:03.010733+00:00,26.55080223083496
Group 10,temperature,2026-03-24 13:24:08.540998+00:00,26.429149627685547
Group 10,temperature,2026-03-24 13:24:14.076811+00:00,26.54831886291504
Group 10,temperature,2026-03-24 13:24:19.614323+00:00,26.37949562072754
Group 10,temperature,2026-03-24 13:24:25.148668+00:00,26.45896339416504
Group 10,temperature,2026-03-24 13:24:30.685864+00:00,26.46639060974121
Group 10,temperature,2026-03-24 13:24:36.220473+00:00,26.46142578125
Group 10,temperature,2026-03-24 13:24:41.756291+00:00,26.37949562072754
Group 10,temperature,2026-03-24 13:24:47.291301+00:00,26.40680503845215
Group 10,soil_moisture,2026-03-24 12:16:25.119966+00:00,99
Group 10,soil_moisture,2026-03-24 12:16:30.447699+00:00,99
Group 10,soil_moisture,2026-03-24 12:16:36.294545+00:00,100
Group 10,soil_moisture,2026-03-24 12:16:42.666614+00:00,99
Group 10,soil_moisture,2026-03-24 12:16:47.053400+00:00,99
Group 10,soil_moisture,2026-03-24 12:16:52.587777+00:00,99
Group 10,soil_moisture,2026-03-24 12:16:58.124708+00:00,99
Group 10,soil_moisture,2026-03-24 12:17:03.783184+00:00,99
Group 10,soil_moisture,2026-03-24 12:17:09.200981+00:00,100
Group 10,soil_moisture,2026-03-24 12:17:16.346518+00:00,100
Group 10,soil_moisture,2026-03-24 12:17:20.377919+00:00,99
Group 10,soil_moisture,2026-03-24 12:17:25.917541+00:00,100
Group 10,soil_moisture,2026-03-24 12:17:31.248829+00:00,99
Group 10,soil_moisture,2026-03-24 12:17:36.769917+00:00,99
Group 10,soil_moisture,2026-03-24 12:17:42.307803+00:00,99
Group 10,soil_moisture,2026-03-24 12:17:47.841816+00:00,100
Group 10,soil_moisture,2026-03-24 12:17:53.378947+00:00,99
Group 10,soil_moisture,2026-03-24 12:17:59.036332+00:00,99
Group 10,soil_moisture,2026-03-24 12:18:04.764300+00:00,99
Group 10,soil_moisture,2026-03-24 12:18:09.992664+00:00,100
Group 10,soil_moisture,2026-03-24 12:18:15.539362+00:00,99
Group 10,soil_moisture,2026-03-24 12:18:20.952729+00:00,99
Group 10,soil_moisture,2026-03-24 12:18:26.491896+00:00,100
Group 10,soil_moisture,2026-03-24 12:18:32.023799+00:00,100
Group 10,soil_moisture,2026-03-24 12:18:37.663060+00:00,99
Group 10,soil_moisture,2026-03-24 12:18:43.199488+00:00,77
Group 10,soil_moisture,2026-03-24 12:18:48.631370+00:00,78
Group 10,soil_moisture,2026-03-24 12:18:54.175423+00:00,78
Group 10,soil_moisture,2026-03-24 12:18:59.702617+00:00,79
Group 10,soil_moisture,2026-03-24 12:19:05.133722+00:00,83
Group 10,soil_moisture,2026-03-24 12:19:10.774857+00:00,99
Group 10,soil_moisture,2026-03-24 12:19:16.208003+00:00,99
Group 10,soil_moisture,2026-03-24 12:19:21.742254+00:00,99
Group 10,soil_moisture,2026-03-24 12:19:27.280276+00:00,100
Group 10,soil_moisture,2026-03-24 12:19:32.813496+00:00,100
Group 10,soil_moisture,2026-03-24 12:19:38.352320+00:00,99
Group 10,soil_moisture,2026-03-24 12:19:43.884065+00:00,99
Group 10,soil_moisture,2026-03-24 12:19:49.420473+00:00,100
Group 10,soil_moisture,2026-03-24 12:19:55.269686+00:00,99
Group 10,soil_moisture,2026-03-24 12:20:00.492000+00:00,100
Group 10,soil_moisture,2026-03-24 12:20:06.029770+00:00,99
Group 10,soil_moisture,2026-03-24 12:20:11.564027+00:00,100
Group 10,soil_moisture,2026-03-24 12:20:17.099195+00:00,100
Group 10,soil_moisture,2026-03-24 12:20:22.634607+00:00,99
Group 10,soil_moisture,2026-03-24 12:20:28.170831+00:00,99
Group 10,soil_moisture,2026-03-24 12:20:33.602565+00:00,99
Group 10,soil_moisture,2026-03-24 12:20:39.139343+00:00,100
Group 10,soil_moisture,2026-03-24 12:20:44.673480+00:00,99
Group 10,soil_moisture,2026-03-24 12:20:50.314718+00:00,99
Group 10,soil_moisture,2026-03-24 12:20:55.775251+00:00,100
Group 10,soil_moisture,2026-03-24 12:21:01.283973+00:00,99
Group 10,soil_moisture,2026-03-24 12:21:08.938208+00:00,99
Group 10,soil_moisture,2026-03-24 12:21:13.396230+00:00,100
Group 10,soil_moisture,2026-03-24 12:21:17.785094+00:00,99
Group 10,soil_moisture,2026-03-24 12:21:24.158166+00:00,99
Group 10,soil_moisture,2026-03-24 12:28:18.030039+00:00,100
Group 10,soil_moisture,2026-03-24 12:28:23.461414+00:00,99
Group 10,soil_moisture,2026-03-24 12:28:29.129872+00:00,99
Group 10,soil_moisture,2026-03-24 12:28:34.532277+00:00,99
Group 10,soil_moisture,2026-03-24 12:28:40.069335+00:00,100
Group 10,soil_moisture,2026-03-24 12:28:45.604887+00:00,100
Group 10,soil_moisture,2026-03-24 12:28:51.141093+00:00,99
Group 10,soil_moisture,2026-03-24 12:28:56.677086+00:00,99
Group 10,soil_moisture,2026-03-24 12:29:02.316678+00:00,99
Group 10,soil_moisture,2026-03-24 12:29:07.747818+00:00,99
Group 10,soil_moisture,2026-03-24 12:29:13.284268+00:00,100
Group 10,soil_moisture,2026-03-24 12:29:18.714221+00:00,99
Group 10,soil_moisture,2026-03-24 12:29:24.355133+00:00,99
Group 10,soil_moisture,2026-03-24 12:29:29.894712+00:00,99
Group 10,soil_moisture,2026-03-24 12:29:35.439258+00:00,100
Group 10,soil_moisture,2026-03-24 12:29:40.963329+00:00,99
Group 10,soil_moisture,2026-03-24 12:29:46.602824+00:00,100
Group 10,soil_moisture,2026-03-24 12:29:52.138844+00:00,99
Group 10,soil_moisture,2026-03-24 12:29:57.466476+00:00,99
Group 10,soil_moisture,2026-03-24 12:30:03.002968+00:00,100
Group 10,soil_moisture,2026-03-24 12:30:08.539195+00:00,99
Group 10,soil_moisture,2026-03-24 12:30:14.072697+00:00,99
Group 10,soil_moisture,2026-03-24 12:30:19.608047+00:00,99
Group 10,soil_moisture,2026-03-24 12:30:25.144963+00:00,100
Group 10,soil_moisture,2026-03-24 12:30:30.681014+00:00,99
Group 10,soil_moisture,2026-03-24 12:30:36.222806+00:00,99
Group 10,soil_moisture,2026-03-24 12:30:41.759656+00:00,100
Group 10,soil_moisture,2026-03-24 12:30:47.288354+00:00,99
Group 10,soil_moisture,2026-03-24 12:30:52.822488+00:00,99
Group 10,soil_moisture,2026-03-24 12:30:58.364724+00:00,100
Group 10,soil_moisture,2026-03-24 12:31:03.796550+00:00,99
Group 10,soil_moisture,2026-03-24 12:31:10.269111+00:00,99
Group 10,soil_moisture,2026-03-24 12:31:14.862807+00:00,99
Group 10,soil_moisture,2026-03-24 12:31:22.019509+00:00,99
Group 10,soil_moisture,2026-03-24 12:31:26.420067+00:00,99
Group 10,soil_moisture,2026-03-24 12:33:00.128213+00:00,100
Group 10,soil_moisture,2026-03-24 12:33:05.691131+00:00,99
Group 10,soil_moisture,2026-03-24 12:33:11.227516+00:00,100
Group 10,soil_moisture,2026-03-24 12:33:16.763255+00:00,99
Group 10,soil_moisture,2026-03-24 12:33:22.296099+00:00,99
Group 10,soil_moisture,2026-03-24 12:33:27.727787+00:00,100
Group 10,soil_moisture,2026-03-24 12:33:33.262206+00:00,100
Group 10,soil_moisture,2026-03-24 12:33:38.902173+00:00,99
Group 10,soil_moisture,2026-03-24 12:33:44.333974+00:00,99
Group 10,soil_moisture,2026-03-24 12:33:49.868658+00:00,99
Group 10,soil_moisture,2026-03-24 12:33:55.405546+00:00,99
Group 10,soil_moisture,2026-03-24 12:34:00.941190+00:00,99
Group 10,soil_moisture,2026-03-24 12:34:06.477210+00:00,99
Group 10,soil_moisture,2026-03-24 12:34:12.119960+00:00,100
Group 10,soil_moisture,2026-03-24 12:34:17.653245+00:00,100
Group 10,soil_moisture,2026-03-24 12:34:23.084201+00:00,99
Group 10,soil_moisture,2026-03-24 12:34:28.626582+00:00,99
Group 10,soil_moisture,2026-03-24 12:34:34.051551+00:00,99
Group 10,soil_moisture,2026-03-24 12:34:39.588131+00:00,99
Group 10,soil_moisture,2026-03-24 12:34:45.123203+00:00,99
Group 10,soil_moisture,2026-03-24 12:34:50.658769+00:00,99
Group 10,soil_moisture,2026-03-24 12:34:56.198082+00:00,99
Group 10,soil_moisture,2026-03-24 12:35:01.835325+00:00,99
Group 10,soil_moisture,2026-03-24 12:35:07.268376+00:00,100
Group 10,soil_moisture,2026-03-24 12:35:12.802256+00:00,99
Group 10,soil_moisture,2026-03-24 12:35:18.337717+00:00,99
Group 10,soil_moisture,2026-03-24 12:35:23.978121+00:00,99
Group 10,soil_moisture,2026-03-24 12:35:29.409721+00:00,99
Group 10,soil_moisture,2026-03-24 12:35:34.944521+00:00,100
Group 10,soil_moisture,2026-03-24 12:35:40.482216+00:00,99
Group 10,soil_moisture,2026-03-24 12:35:46.121650+00:00,100
Group 10,soil_moisture,2026-03-24 12:35:51.553921+00:00,99
Group 10,soil_moisture,2026-03-24 12:35:57.090622+00:00,99
Group 10,soil_moisture,2026-03-24 12:36:02.622991+00:00,99
Group 10,soil_moisture,2026-03-24 12:36:08.056160+00:00,99
Group 10,soil_moisture,2026-03-24 12:36:13.591569+00:00,100
Group 10,soil_moisture,2026-03-24 12:36:19.232128+00:00,100
Group 10,soil_moisture,2026-03-24 12:36:24.663677+00:00,100
Group 10,soil_moisture,2026-03-24 12:36:30.198178+00:00,99
Group 10,soil_moisture,2026-03-24 12:36:35.735430+00:00,99
Group 10,soil_moisture,2026-03-24 12:36:41.269994+00:00,99
Group 10,soil_moisture,2026-03-24 12:36:46.808545+00:00,99
Group 10,soil_moisture,2026-03-24 12:36:52.340722+00:00,99
Group 10,soil_moisture,2026-03-24 12:36:57.877035+00:00,100
Group 10,soil_moisture,2026-03-24 12:37:03.413558+00:00,99
Group 10,soil_moisture,2026-03-24 12:37:08.949196+00:00,100
Group 10,soil_moisture,2026-03-24 12:37:14.486059+00:00,100
Group 10,soil_moisture,2026-03-24 12:37:19.916292+00:00,99
Group 10,soil_moisture,2026-03-24 12:37:25.555832+00:00,98
Group 10,soil_moisture,2026-03-24 12:37:30.991468+00:00,99
Group 10,soil_moisture,2026-03-24 12:37:36.523637+00:00,100
Group 10,soil_moisture,2026-03-24 12:37:42.059561+00:00,99
Group 10,soil_moisture,2026-03-24 12:37:47.595266+00:00,100
Group 10,soil_moisture,2026-03-24 12:37:53.131220+00:00,99
Group 10,soil_moisture,2026-03-24 12:37:58.667234+00:00,99
Group 10,soil_moisture,2026-03-24 12:38:04.202442+00:00,99
Group 10,soil_moisture,2026-03-24 12:38:09.738399+00:00,100
Group 10,soil_moisture,2026-03-24 12:38:15.273905+00:00,99
Group 10,soil_moisture,2026-03-24 12:38:20.810435+00:00,100
Group 10,soil_moisture,2026-03-24 12:38:26.346928+00:00,100
Group 10,soil_moisture,2026-03-24 12:38:31.885371+00:00,99
Group 10,soil_moisture,2026-03-24 12:38:37.416969+00:00,99
Group 10,soil_moisture,2026-03-24 12:38:42.956672+00:00,99
Group 10,soil_moisture,2026-03-24 12:38:48.384210+00:00,99
Group 10,soil_moisture,2026-03-24 12:38:54.031067+00:00,99
Group 10,soil_moisture,2026-03-24 12:38:59.457297+00:00,99
Group 10,soil_moisture,2026-03-24 12:39:04.992640+00:00,99
Group 10,soil_moisture,2026-03-24 12:39:10.555135+00:00,99
Group 10,soil_moisture,2026-03-24 12:39:16.067003+00:00,99
Group 10,soil_moisture,2026-03-24 12:39:21.599815+00:00,100
Group 10,soil_moisture,2026-03-24 12:39:27.134817+00:00,99
Group 10,soil_moisture,2026-03-24 12:39:32.670529+00:00,100
Group 10,soil_moisture,2026-03-24 12:39:38.205763+00:00,99
Group 10,soil_moisture,2026-03-24 12:39:43.846840+00:00,99
Group 10,soil_moisture,2026-03-24 12:39:51.691377+00:00,99
Group 10,soil_moisture,2026-03-24 12:39:54.814056+00:00,99
Group 10,soil_moisture,2026-03-24 12:40:00.349740+00:00,100
Group 10,soil_moisture,2026-03-24 12:40:05.781496+00:00,100
Group 10,soil_moisture,2026-03-24 12:40:11.316571+00:00,99
Group 10,soil_moisture,2026-03-24 12:40:16.852129+00:00,99
Group 10,soil_moisture,2026-03-24 12:40:22.492335+00:00,99
Group 10,soil_moisture,2026-03-24 12:40:27.931744+00:00,100
Group 10,soil_moisture,2026-03-24 12:40:33.459184+00:00,99
Group 10,soil_moisture,2026-03-24 12:40:38.996157+00:00,99
Group 10,soil_moisture,2026-03-24 12:40:44.531418+00:00,99
Group 10,soil_moisture,2026-03-24 12:40:50.066664+00:00,100
Group 10,soil_moisture,2026-03-24 12:40:55.603591+00:00,99
Group 10,soil_moisture,2026-03-24 12:41:01.138601+00:00,99
Group 10,soil_moisture,2026-03-24 12:41:06.675156+00:00,100
Group 10,soil_moisture,2026-03-24 12:41:12.212708+00:00,99
Group 10,soil_moisture,2026-03-24 12:41:17.745327+00:00,99
Group 10,soil_moisture,2026-03-24 12:41:23.282167+00:00,99
Group 10,soil_moisture,2026-03-24 12:41:28.817372+00:00,99
Group 10,soil_moisture,2026-03-24 12:41:34.353519+00:00,99
Group 10,soil_moisture,2026-03-24 12:41:39.790294+00:00,99
Group 10,soil_moisture,2026-03-24 12:41:45.319112+00:00,99
Group 10,soil_moisture,2026-03-24 12:41:50.856565+00:00,99
Group 10,soil_moisture,2026-03-24 12:41:56.392015+00:00,99
Group 10,soil_moisture,2026-03-24 12:42:01.927693+00:00,99
Group 10,soil_moisture,2026-03-24 12:42:07.467152+00:00,99
Group 10,soil_moisture,2026-03-24 12:42:12.999978+00:00,100
Group 10,soil_moisture,2026-03-24 12:42:18.534350+00:00,100
Group 10,soil_moisture,2026-03-24 12:42:24.070851+00:00,99
Group 10,soil_moisture,2026-03-24 12:42:29.606166+00:00,99
Group 10,soil_moisture,2026-03-24 12:42:35.149191+00:00,99
Group 10,soil_moisture,2026-03-24 12:42:40.782240+00:00,99
Group 10,soil_moisture,2026-03-24 12:42:46.214188+00:00,100
Group 10,soil_moisture,2026-03-24 12:42:51.645409+00:00,99
Group 10,soil_moisture,2026-03-24 12:42:57.284836+00:00,100
Group 10,soil_moisture,2026-03-24 12:43:02.821198+00:00,99
Group 10,soil_moisture,2026-03-24 12:43:08.357252+00:00,100
Group 10,soil_moisture,2026-03-24 12:43:13.891231+00:00,100
Group 10,soil_moisture,2026-03-24 12:43:19.323663+00:00,100
Group 10,soil_moisture,2026-03-24 12:43:24.860709+00:00,99
Group 10,soil_moisture,2026-03-24 12:43:30.394978+00:00,100
Group 10,soil_moisture,2026-03-24 12:43:35.934408+00:00,100
Group 10,soil_moisture,2026-03-24 12:43:41.571419+00:00,99
Group 10,soil_moisture,2026-03-24 12:43:47.004890+00:00,100
Group 10,soil_moisture,2026-03-24 12:43:52.539683+00:00,100
Group 10,soil_moisture,2026-03-24 12:43:58.074636+00:00,99
Group 10,soil_moisture,2026-03-24 12:44:03.613957+00:00,99
Group 10,soil_moisture,2026-03-24 12:44:09.148738+00:00,100
Group 10,soil_moisture,2026-03-24 12:44:14.682672+00:00,100
Group 10,soil_moisture,2026-03-24 12:44:20.220541+00:00,100
Group 10,soil_moisture,2026-03-24 12:44:25.756003+00:00,99
Group 10,soil_moisture,2026-03-24 12:44:31.184502+00:00,100
Group 10,soil_moisture,2026-03-24 12:44:36.719834+00:00,100
Group 10,soil_moisture,2026-03-24 12:44:42.258462+00:00,99
Group 10,soil_moisture,2026-03-24 12:44:47.824537+00:00,99
Group 10,soil_moisture,2026-03-24 12:44:53.327779+00:00,100
Group 10,soil_moisture,2026-03-24 12:44:58.865779+00:00,100
Group 10,soil_moisture,2026-03-24 12:45:04.401225+00:00,100
Group 10,soil_moisture,2026-03-24 12:45:09.940468+00:00,99
Group 10,soil_moisture,2026-03-24 12:45:15.472837+00:00,100
Group 10,soil_moisture,2026-03-24 12:45:21.006713+00:00,99
Group 10,soil_moisture,2026-03-24 12:45:26.542808+00:00,99
Group 10,soil_moisture,2026-03-24 12:45:32.083484+00:00,99
Group 10,soil_moisture,2026-03-24 12:45:37.614412+00:00,99
Group 10,soil_moisture,2026-03-24 12:45:43.150379+00:00,99
Group 10,soil_moisture,2026-03-24 12:45:48.686216+00:00,99
Group 10,soil_moisture,2026-03-24 12:45:54.221185+00:00,100
Group 10,soil_moisture,2026-03-24 12:45:59.757974+00:00,99
Group 10,soil_moisture,2026-03-24 12:46:05.295059+00:00,99
Group 10,soil_moisture,2026-03-24 12:46:10.725899+00:00,100
Group 10,soil_moisture,2026-03-24 12:46:16.261902+00:00,100
Group 10,soil_moisture,2026-03-24 12:46:21.796498+00:00,100
Group 10,soil_moisture,2026-03-24 12:46:27.339515+00:00,99
Group 10,soil_moisture,2026-03-24 12:46:32.872372+00:00,100
Group 10,soil_moisture,2026-03-24 12:46:38.413189+00:00,99
Group 10,soil_moisture,2026-03-24 12:46:43.975739+00:00,99
Group 10,soil_moisture,2026-03-24 12:46:49.482252+00:00,100
Group 10,soil_moisture,2026-03-24 12:46:55.022849+00:00,99
Group 10,soil_moisture,2026-03-24 12:47:00.576678+00:00,99
Group 10,soil_moisture,2026-03-24 12:47:06.082854+00:00,99
Group 10,soil_moisture,2026-03-24 12:47:11.619553+00:00,100
Group 10,soil_moisture,2026-03-24 12:47:17.156112+00:00,100
Group 10,soil_moisture,2026-03-24 12:47:22.689714+00:00,100
Group 10,soil_moisture,2026-03-24 12:47:28.335864+00:00,99
Group 10,soil_moisture,2026-03-24 12:47:33.659253+00:00,100
Group 10,soil_moisture,2026-03-24 12:47:39.311558+00:00,99
Group 10,soil_moisture,2026-03-24 12:47:44.731469+00:00,100
Group 10,soil_moisture,2026-03-24 12:47:50.368125+00:00,99
Group 10,soil_moisture,2026-03-24 12:47:55.799624+00:00,99
Group 10,soil_moisture,2026-03-24 12:48:01.335410+00:00,99
Group 10,soil_moisture,2026-03-24 12:48:06.874126+00:00,99
Group 10,soil_moisture,2026-03-24 12:48:12.436886+00:00,99
Group 10,soil_moisture,2026-03-24 12:48:17.942826+00:00,100
Group 10,soil_moisture,2026-03-24 12:48:23.481217+00:00,100
Group 10,soil_moisture,2026-03-24 12:48:29.030114+00:00,99
Group 10,soil_moisture,2026-03-24 12:48:34.584657+00:00,100
Group 10,soil_moisture,2026-03-24 12:48:40.085078+00:00,100
Group 10,soil_moisture,2026-03-24 12:48:45.620941+00:00,100
Group 10,soil_moisture,2026-03-24 12:48:51.270508+00:00,99
Group 10,soil_moisture,2026-03-24 12:48:56.588761+00:00,100
Group 10,soil_moisture,2026-03-24 12:49:02.124731+00:00,99
Group 10,soil_moisture,2026-03-24 12:49:07.659713+00:00,99
Group 10,soil_moisture,2026-03-24 12:49:13.302258+00:00,99
Group 10,soil_moisture,2026-03-24 12:49:18.731752+00:00,100
Group 10,soil_moisture,2026-03-24 12:49:24.267111+00:00,99
Group 10,soil_moisture,2026-03-24 12:49:29.803490+00:00,100
Group 10,soil_moisture,2026-03-24 12:49:35.338045+00:00,99
Group 10,soil_moisture,2026-03-24 12:49:40.874310+00:00,99
Group 10,soil_moisture,2026-03-24 12:49:46.412415+00:00,99
Group 10,soil_moisture,2026-03-24 12:49:51.960697+00:00,99
Group 10,soil_moisture,2026-03-24 12:49:57.486282+00:00,99
Group 10,soil_moisture,2026-03-24 12:50:03.019814+00:00,99
Group 10,soil_moisture,2026-03-24 12:50:08.552974+00:00,100
Group 10,soil_moisture,2026-03-24 12:50:14.088182+00:00,100
Group 10,soil_moisture,2026-03-24 12:50:19.627957+00:00,100
Group 10,soil_moisture,2026-03-24 12:50:25.266472+00:00,100
Group 10,soil_moisture,2026-03-24 12:50:30.698309+00:00,99
Group 10,soil_moisture,2026-03-24 12:50:36.234461+00:00,99
Group 10,soil_moisture,2026-03-24 12:50:41.664709+00:00,99
Group 10,soil_moisture,2026-03-24 12:50:47.199768+00:00,99
Group 10,soil_moisture,2026-03-24 12:50:52.741392+00:00,99
Group 10,soil_moisture,2026-03-24 12:50:58.270452+00:00,99
Group 10,soil_moisture,2026-03-24 12:51:03.805958+00:00,99
Group 10,soil_moisture,2026-03-24 12:51:09.343232+00:00,99
Group 10,soil_moisture,2026-03-24 12:51:14.885106+00:00,99
Group 10,soil_moisture,2026-03-24 12:51:20.518393+00:00,99
Group 10,soil_moisture,2026-03-24 12:51:25.950311+00:00,100
Group 10,soil_moisture,2026-03-24 12:51:31.487711+00:00,99
Group 10,soil_moisture,2026-03-24 12:51:37.233017+00:00,100
Group 10,soil_moisture,2026-03-24 12:51:42.558379+00:00,99
Group 10,soil_moisture,2026-03-24 12:51:48.198934+00:00,100
Group 10,soil_moisture,2026-03-24 12:51:53.525205+00:00,99
Group 10,soil_moisture,2026-03-24 12:51:59.060958+00:00,100
Group 10,soil_moisture,2026-03-24 12:52:04.596600+00:00,99
Group 10,soil_moisture,2026-03-24 12:52:10.236230+00:00,99
Group 10,soil_moisture,2026-03-24 12:52:15.772257+00:00,99
Group 10,soil_moisture,2026-03-24 12:52:21.205002+00:00,99
Group 10,soil_moisture,2026-03-24 12:52:26.739629+00:00,100
Group 10,soil_moisture,2026-03-24 12:52:32.274868+00:00,99
Group 10,soil_moisture,2026-03-24 12:52:37.811185+00:00,98
Group 10,soil_moisture,2026-03-24 12:52:43.346610+00:00,99
Group 10,soil_moisture,2026-03-24 12:52:48.882211+00:00,100
Group 10,soil_moisture,2026-03-24 12:52:54.418049+00:00,99
Group 10,soil_moisture,2026-03-24 12:52:59.954152+00:00,99
Group 10,soil_moisture,2026-03-24 12:53:06.691084+00:00,100
Group 10,soil_moisture,2026-03-24 12:53:11.026160+00:00,99
Group 10,soil_moisture,2026-03-24 12:53:16.457860+00:00,99
Group 10,soil_moisture,2026-03-24 12:53:21.993216+00:00,99
Group 10,soil_moisture,2026-03-24 12:53:27.528238+00:00,100
Group 10,soil_moisture,2026-03-24 12:53:33.064802+00:00,99
Group 10,soil_moisture,2026-03-24 12:53:38.705167+00:00,99
Group 10,soil_moisture,2026-03-24 12:53:44.136882+00:00,99
Group 10,soil_moisture,2026-03-24 12:53:49.672739+00:00,99
Group 10,soil_moisture,2026-03-24 12:53:55.208887+00:00,100
Group 10,soil_moisture,2026-03-24 12:54:00.744574+00:00,99
Group 10,soil_moisture,2026-03-24 12:54:06.279550+00:00,99
Group 10,soil_moisture,2026-03-24 12:54:11.817316+00:00,99
Group 10,soil_moisture,2026-03-24 12:54:17.351608+00:00,99
Group 10,soil_moisture,2026-03-24 12:54:22.886816+00:00,99
Group 10,soil_moisture,2026-03-24 12:54:28.318151+00:00,99
Group 10,soil_moisture,2026-03-24 12:54:33.958627+00:00,99
Group 10,soil_moisture,2026-03-24 12:54:39.494626+00:00,99
Group 10,soil_moisture,2026-03-24 12:54:44.925146+00:00,99
Group 10,soil_moisture,2026-03-24 12:54:50.461852+00:00,99
Group 10,soil_moisture,2026-03-24 12:54:55.997353+00:00,100
Group 10,soil_moisture,2026-03-24 12:55:01.532812+00:00,99
Group 10,soil_moisture,2026-03-24 12:55:07.069394+00:00,99
Group 10,soil_moisture,2026-03-24 12:55:12.708298+00:00,99
Group 10,soil_moisture,2026-03-24 12:55:18.140400+00:00,99
Group 10,soil_moisture,2026-03-24 12:55:23.675424+00:00,100
Group 10,soil_moisture,2026-03-24 12:55:29.221016+00:00,99
Group 10,soil_moisture,2026-03-24 12:55:34.748346+00:00,99
Group 10,soil_moisture,2026-03-24 12:55:40.282021+00:00,99
Group 10,soil_moisture,2026-03-24 12:55:45.924289+00:00,99
Group 10,soil_moisture,2026-03-24 12:55:51.355647+00:00,99
Group 10,soil_moisture,2026-03-24 12:55:56.888915+00:00,99
Group 10,soil_moisture,2026-03-24 12:56:02.322566+00:00,99
Group 10,soil_moisture,2026-03-24 12:56:07.865776+00:00,99
Group 10,soil_moisture,2026-03-24 12:56:13.499850+00:00,99
Group 10,soil_moisture,2026-03-24 12:56:18.929851+00:00,99
Group 10,soil_moisture,2026-03-24 12:56:24.589634+00:00,99
Group 10,soil_moisture,2026-03-24 12:56:30.118144+00:00,99
Group 10,soil_moisture,2026-03-24 12:56:35.648187+00:00,99
Group 10,soil_moisture,2026-03-24 12:56:41.077942+00:00,100
Group 10,soil_moisture,2026-03-24 12:56:46.608004+00:00,99
Group 10,soil_moisture,2026-03-24 12:56:52.144485+00:00,99
Group 10,soil_moisture,2026-03-24 12:56:57.680658+00:00,99
Group 10,soil_moisture,2026-03-24 12:57:03.215833+00:00,99
Group 10,soil_moisture,2026-03-24 12:57:08.776402+00:00,99
Group 10,soil_moisture,2026-03-24 12:57:14.203723+00:00,99
Group 10,soil_moisture,2026-03-24 12:57:19.730956+00:00,99
Group 10,soil_moisture,2026-03-24 12:57:25.358407+00:00,100
Group 10,soil_moisture,2026-03-24 12:57:30.791047+00:00,100
Group 10,soil_moisture,2026-03-24 12:57:36.327069+00:00,100
Group 10,soil_moisture,2026-03-24 12:57:41.871699+00:00,100
Group 10,soil_moisture,2026-03-24 12:57:47.397764+00:00,100
Group 10,soil_moisture,2026-03-24 12:57:52.932960+00:00,99
Group 10,soil_moisture,2026-03-24 12:57:58.468600+00:00,99
Group 10,soil_moisture,2026-03-24 12:58:04.045594+00:00,99
Group 10,soil_moisture,2026-03-24 12:58:09.548548+00:00,99
Group 10,soil_moisture,2026-03-24 12:58:15.076013+00:00,99
Group 10,soil_moisture,2026-03-24 12:58:20.507124+00:00,100
Group 10,soil_moisture,2026-03-24 12:58:26.148036+00:00,99
Group 10,soil_moisture,2026-03-24 12:58:31.787301+00:00,99
Group 10,soil_moisture,2026-03-24 12:58:37.244551+00:00,100
Group 10,soil_moisture,2026-03-24 12:58:42.673767+00:00,100
Group 10,soil_moisture,2026-03-24 12:58:48.186356+00:00,100
Group 10,soil_moisture,2026-03-24 12:58:53.734413+00:00,100
Group 10,soil_moisture,2026-03-24 12:58:59.263776+00:00,99
Group 10,soil_moisture,2026-03-24 12:59:04.794564+00:00,99
Group 10,soil_moisture,2026-03-24 12:59:10.328586+00:00,99
Group 10,soil_moisture,2026-03-24 12:59:15.864997+00:00,99
Group 10,soil_moisture,2026-03-24 12:59:21.401851+00:00,99
Group 10,soil_moisture,2026-03-24 12:59:26.961386+00:00,99
Group 10,soil_moisture,2026-03-24 12:59:32.493236+00:00,99
Group 10,soil_moisture,2026-03-24 12:59:38.007084+00:00,99
Group 10,soil_moisture,2026-03-24 12:59:43.552589+00:00,99
Group 10,soil_moisture,2026-03-24 12:59:49.084407+00:00,99
Group 10,soil_moisture,2026-03-24 12:59:54.614720+00:00,99
Group 10,soil_moisture,2026-03-24 13:00:00.113066+00:00,100
Group 10,soil_moisture,2026-03-24 13:00:05.583893+00:00,99
Group 10,soil_moisture,2026-03-24 13:00:11.248733+00:00,99
Group 10,soil_moisture,2026-03-24 13:00:16.744260+00:00,99
Group 10,soil_moisture,2026-03-24 13:00:22.309150+00:00,100
Group 10,soil_moisture,2026-03-24 13:00:27.839747+00:00,99
Group 10,soil_moisture,2026-03-24 13:00:33.267975+00:00,99
Group 10,soil_moisture,2026-03-24 13:00:38.797222+00:00,100
Group 10,soil_moisture,2026-03-24 13:00:44.334043+00:00,100
Group 10,soil_moisture,2026-03-24 13:00:49.869038+00:00,99
Group 10,soil_moisture,2026-03-24 13:00:55.405863+00:00,99
Group 10,soil_moisture,2026-03-24 13:01:00.949993+00:00,99
Group 10,soil_moisture,2026-03-24 13:01:06.506930+00:00,99
Group 10,soil_moisture,2026-03-24 13:01:12.034624+00:00,99
Group 10,soil_moisture,2026-03-24 13:01:17.549035+00:00,99
Group 10,soil_moisture,2026-03-24 13:01:23.085604+00:00,99
Group 10,soil_moisture,2026-03-24 13:01:28.520466+00:00,99
Group 10,soil_moisture,2026-03-24 13:01:34.159424+00:00,100
Group 10,soil_moisture,2026-03-24 13:01:39.587238+00:00,99
Group 10,soil_moisture,2026-03-24 13:01:45.123145+00:00,99
Group 10,soil_moisture,2026-03-24 13:01:50.660378+00:00,99
Group 10,soil_moisture,2026-03-24 13:01:56.193268+00:00,99
Group 10,soil_moisture,2026-03-24 13:02:01.728211+00:00,100
Group 10,soil_moisture,2026-03-24 13:02:07.266543+00:00,99
Group 10,soil_moisture,2026-03-24 13:02:12.801157+00:00,99
Group 10,soil_moisture,2026-03-24 13:02:18.337509+00:00,99
Group 10,soil_moisture,2026-03-24 13:02:23.871940+00:00,99
Group 10,soil_moisture,2026-03-24 13:02:29.410880+00:00,99
Group 10,soil_moisture,2026-03-24 13:02:34.944443+00:00,99
Group 10,soil_moisture,2026-03-24 13:02:40.526405+00:00,99
Group 10,soil_moisture,2026-03-24 13:02:46.131878+00:00,99
Group 10,soil_moisture,2026-03-24 13:02:51.449311+00:00,100
Group 10,soil_moisture,2026-03-24 13:02:56.985209+00:00,100
Group 10,soil_moisture,2026-03-24 13:03:02.519348+00:00,100
Group 10,soil_moisture,2026-03-24 13:03:08.054827+00:00,100
Group 10,soil_moisture,2026-03-24 13:03:13.592427+00:00,99
Group 10,soil_moisture,2026-03-24 13:03:19.126452+00:00,99
Group 10,soil_moisture,2026-03-24 13:03:24.687134+00:00,99
Group 10,soil_moisture,2026-03-24 13:03:30.213534+00:00,100
Group 10,soil_moisture,2026-03-24 13:03:35.733263+00:00,99
Group 10,soil_moisture,2026-03-24 13:03:41.272308+00:00,99
Group 10,soil_moisture,2026-03-24 13:03:46.805037+00:00,99
Group 10,soil_moisture,2026-03-24 13:03:52.238478+00:00,100
Group 10,soil_moisture,2026-03-24 13:03:57.771949+00:00,99
Group 10,soil_moisture,2026-03-24 13:04:03.309683+00:00,100
Group 10,soil_moisture,2026-03-24 13:04:08.843507+00:00,99
Group 10,soil_moisture,2026-03-24 13:04:14.484600+00:00,99
Group 10,soil_moisture,2026-03-24 13:04:20.019982+00:00,99
Group 10,soil_moisture,2026-03-24 13:04:25.461650+00:00,100
Group 10,soil_moisture,2026-03-24 13:04:30.986725+00:00,99
Group 10,soil_moisture,2026-03-24 13:04:36.522482+00:00,99
Group 10,soil_moisture,2026-03-24 13:04:42.058157+00:00,99
Group 10,soil_moisture,2026-03-24 13:04:47.592740+00:00,99
Group 10,soil_moisture,2026-03-24 13:04:53.155951+00:00,99
Group 10,soil_moisture,2026-03-24 13:04:58.585168+00:00,99
Group 10,soil_moisture,2026-03-24 13:05:04.096785+00:00,99
Group 10,soil_moisture,2026-03-24 13:05:09.636237+00:00,99
Group 10,soil_moisture,2026-03-24 13:05:15.180372+00:00,99
Group 10,soil_moisture,2026-03-24 13:05:20.812124+00:00,99
Group 10,soil_moisture,2026-03-24 13:05:26.241983+00:00,99
Group 10,soil_moisture,2026-03-24 13:05:31.794801+00:00,99
Group 10,soil_moisture,2026-03-24 13:05:37.311708+00:00,99
Group 10,soil_moisture,2026-03-24 13:05:42.847956+00:00,100
Group 10,soil_moisture,2026-03-24 13:05:48.402359+00:00,99
Group 10,soil_moisture,2026-03-24 13:05:53.932312+00:00,98
Group 10,soil_moisture,2026-03-24 13:05:59.463577+00:00,99
Group 10,soil_moisture,2026-03-24 13:06:04.997153+00:00,99
Group 10,soil_moisture,2026-03-24 13:06:10.543030+00:00,99
Group 10,soil_moisture,2026-03-24 13:06:16.062799+00:00,99
Group 10,soil_moisture,2026-03-24 13:06:21.596560+00:00,99
Group 10,soil_moisture,2026-03-24 13:06:27.162202+00:00,99
Group 10,soil_moisture,2026-03-24 13:06:32.586313+00:00,100
Group 10,soil_moisture,2026-03-24 13:06:38.101435+00:00,99
Group 10,soil_moisture,2026-03-24 13:06:43.744672+00:00,100
Group 10,soil_moisture,2026-03-24 13:06:49.180231+00:00,98
Group 10,soil_moisture,2026-03-24 13:06:54.714494+00:00,99
Group 10,soil_moisture,2026-03-24 13:07:00.244464+00:00,100
Group 10,soil_moisture,2026-03-24 13:07:05.779103+00:00,99
Group 10,soil_moisture,2026-03-24 13:07:11.317886+00:00,100
Group 10,soil_moisture,2026-03-24 13:07:16.966876+00:00,100
Group 10,soil_moisture,2026-03-24 13:07:22.509104+00:00,99
Group 10,soil_moisture,2026-03-24 13:07:27.922879+00:00,99
Group 10,soil_moisture,2026-03-24 13:07:33.459211+00:00,99
Group 10,soil_moisture,2026-03-24 13:07:39.005637+00:00,99
Group 10,soil_moisture,2026-03-24 13:07:44.426568+00:00,100
Group 10,soil_moisture,2026-03-24 13:07:49.962522+00:00,99
Group 10,soil_moisture,2026-03-24 13:07:55.503309+00:00,99
Group 10,soil_moisture,2026-03-24 13:08:01.039793+00:00,99
Group 10,soil_moisture,2026-03-24 13:08:06.569438+00:00,100
Group 10,soil_moisture,2026-03-24 13:08:12.119671+00:00,99
Group 10,soil_moisture,2026-03-24 13:08:17.653457+00:00,99
Group 10,soil_moisture,2026-03-24 13:08:23.193126+00:00,99
Group 10,soil_moisture,2026-03-24 13:08:28.816326+00:00,99
Group 10,soil_moisture,2026-03-24 13:08:34.247491+00:00,99
Group 10,soil_moisture,2026-03-24 13:08:39.782410+00:00,100
Group 10,soil_moisture,2026-03-24 13:08:45.319763+00:00,100
Group 10,soil_moisture,2026-03-24 13:08:50.787233+00:00,100
Group 10,soil_moisture,2026-03-24 13:08:56.390688+00:00,99
Group 10,soil_moisture,2026-03-24 13:09:01.823169+00:00,99
Group 10,soil_moisture,2026-03-24 13:09:07.360877+00:00,99
Group 10,soil_moisture,2026-03-24 13:09:12.897562+00:00,99
Group 10,soil_moisture,2026-03-24 13:09:18.428813+00:00,99
Group 10,soil_moisture,2026-03-24 13:09:23.965013+00:00,99
Group 10,soil_moisture,2026-03-24 13:09:29.501322+00:00,100
Group 10,soil_moisture,2026-03-24 13:09:35.062306+00:00,99
Group 10,soil_moisture,2026-03-24 13:09:40.573084+00:00,99
Group 10,soil_moisture,2026-03-24 13:09:46.108160+00:00,99
Group 10,soil_moisture,2026-03-24 13:09:51.858860+00:00,99
Group 10,soil_moisture,2026-03-24 13:09:57.180664+00:00,99
Group 10,soil_moisture,2026-03-24 13:10:02.820152+00:00,99
Group 10,soil_moisture,2026-03-24 13:10:08.251879+00:00,99
Group 10,soil_moisture,2026-03-24 13:10:13.787642+00:00,99
Group 10,soil_moisture,2026-03-24 13:10:19.218937+00:00,99
Group 10,soil_moisture,2026-03-24 13:10:24.860050+00:00,100
Group 10,soil_moisture,2026-03-24 13:10:30.290412+00:00,99
Group 10,soil_moisture,2026-03-24 13:10:35.827786+00:00,99
Group 10,soil_moisture,2026-03-24 13:10:41.363362+00:00,99
Group 10,soil_moisture,2026-03-24 13:10:46.899243+00:00,99
Group 10,soil_moisture,2026-03-24 13:10:52.433490+00:00,100
Group 10,soil_moisture,2026-03-24 13:10:57.969695+00:00,100
Group 10,soil_moisture,2026-03-24 13:11:03.503654+00:00,100
Group 10,soil_moisture,2026-03-24 13:11:09.040872+00:00,99
Group 10,soil_moisture,2026-03-24 13:11:14.581592+00:00,100
Group 10,soil_moisture,2026-03-24 13:11:20.135842+00:00,100
Group 10,soil_moisture,2026-03-24 13:11:25.677789+00:00,99
Group 10,soil_moisture,2026-03-24 13:11:31.185701+00:00,99
Group 10,soil_moisture,2026-03-24 13:11:36.617462+00:00,99
Group 10,soil_moisture,2026-03-24 13:11:42.151997+00:00,100
Group 10,soil_moisture,2026-03-24 13:11:47.692298+00:00,100
Group 10,soil_moisture,2026-03-24 13:11:53.327021+00:00,99
Group 10,soil_moisture,2026-03-24 13:11:58.758415+00:00,99
Group 10,soil_moisture,2026-03-24 13:12:04.294499+00:00,99
Group 10,soil_moisture,2026-03-24 13:12:09.829340+00:00,99
Group 10,soil_moisture,2026-03-24 13:12:15.366085+00:00,99
Group 10,soil_moisture,2026-03-24 13:12:20.900912+00:00,99
Group 10,soil_moisture,2026-03-24 13:12:26.435772+00:00,100
Group 10,soil_moisture,2026-03-24 13:12:31.974779+00:00,99
Group 10,soil_moisture,2026-03-24 13:12:37.511379+00:00,99
Group 10,soil_moisture,2026-03-24 13:12:42.942094+00:00,99
Group 10,soil_moisture,2026-03-24 13:12:48.601993+00:00,99
Group 10,soil_moisture,2026-03-24 13:12:54.129528+00:00,99
Group 10,soil_moisture,2026-03-24 13:12:59.652202+00:00,99
Group 10,soil_moisture,2026-03-24 13:13:05.085731+00:00,100
Group 10,soil_moisture,2026-03-24 13:13:10.620484+00:00,100
Group 10,soil_moisture,2026-03-24 13:13:16.154901+00:00,99
Group 10,soil_moisture,2026-03-24 13:13:21.797374+00:00,100
Group 10,soil_moisture,2026-03-24 13:13:27.226953+00:00,99
Group 10,soil_moisture,2026-03-24 13:13:32.762318+00:00,99
Group 10,soil_moisture,2026-03-24 13:13:38.319611+00:00,99
Group 10,soil_moisture,2026-03-24 13:13:43.848947+00:00,100
Group 10,soil_moisture,2026-03-24 13:13:49.369753+00:00,98
Group 10,soil_moisture,2026-03-24 13:13:54.905490+00:00,99
Group 10,soil_moisture,2026-03-24 13:14:00.545420+00:00,99
Group 10,soil_moisture,2026-03-24 13:14:05.976343+00:00,100
Group 10,soil_moisture,2026-03-24 13:14:11.514190+00:00,99
Group 10,soil_moisture,2026-03-24 13:14:17.048355+00:00,99
Group 10,soil_moisture,2026-03-24 13:14:22.483043+00:00,99
Group 10,soil_moisture,2026-03-24 13:14:28.022435+00:00,99
Group 10,soil_moisture,2026-03-24 13:14:33.551529+00:00,100
Group 10,soil_moisture,2026-03-24 13:14:39.088316+00:00,99
Group 10,soil_moisture,2026-03-24 13:14:44.625211+00:00,99
Group 10,soil_moisture,2026-03-24 13:14:50.158798+00:00,99
Group 10,soil_moisture,2026-03-24 13:14:55.696536+00:00,100
Group 10,soil_moisture,2026-03-24 13:15:01.231487+00:00,100
Group 10,soil_moisture,2026-03-24 13:15:06.766548+00:00,99
Group 10,soil_moisture,2026-03-24 13:15:14.696104+00:00,99
Group 10,soil_moisture,2026-03-24 13:15:17.838004+00:00,99
Group 10,soil_moisture,2026-03-24 13:15:23.373494+00:00,99
Group 10,soil_moisture,2026-03-24 13:15:28.839570+00:00,99
Group 10,soil_moisture,2026-03-24 13:15:34.445284+00:00,100
Group 10,soil_moisture,2026-03-24 13:15:39.876496+00:00,99
Group 10,soil_moisture,2026-03-24 13:15:45.412763+00:00,99
Group 10,soil_moisture,2026-03-24 13:15:50.948805+00:00,99
Group 10,soil_moisture,2026-03-24 13:15:56.588461+00:00,100
Group 10,soil_moisture,2026-03-24 13:16:02.019568+00:00,100
Group 10,soil_moisture,2026-03-24 13:16:07.554978+00:00,99
Group 10,soil_moisture,2026-03-24 13:16:13.090089+00:00,100
Group 10,soil_moisture,2026-03-24 13:16:18.626884+00:00,99
Group 10,soil_moisture,2026-03-24 13:16:24.163428+00:00,99
Group 10,soil_moisture,2026-03-24 13:16:29.699504+00:00,99
Group 10,soil_moisture,2026-03-24 13:16:35.233808+00:00,99
Group 10,soil_moisture,2026-03-24 13:16:40.769424+00:00,99
Group 10,soil_moisture,2026-03-24 13:16:46.306235+00:00,99
Group 10,soil_moisture,2026-03-24 13:16:51.945611+00:00,99
Group 10,soil_moisture,2026-03-24 13:16:57.272543+00:00,99
Group 10,soil_moisture,2026-03-24 13:17:02.808143+00:00,99
Group 10,soil_moisture,2026-03-24 13:17:08.344133+00:00,99
Group 10,soil_moisture,2026-03-24 13:17:13.879050+00:00,99
Group 10,soil_moisture,2026-03-24 13:17:19.415772+00:00,99
Group 10,soil_moisture,2026-03-24 13:17:24.952129+00:00,100
Group 10,soil_moisture,2026-03-24 13:17:30.487382+00:00,100
Group 10,soil_moisture,2026-03-24 13:17:36.023433+00:00,99
Group 10,soil_moisture,2026-03-24 13:17:41.560248+00:00,99
Group 10,soil_moisture,2026-03-24 13:17:47.093888+00:00,100
Group 10,soil_moisture,2026-03-24 13:17:52.630392+00:00,99
Group 10,soil_moisture,2026-03-24 13:17:58.167881+00:00,100
Group 10,soil_moisture,2026-03-24 13:18:03.702472+00:00,99
Group 10,soil_moisture,2026-03-24 13:18:09.237540+00:00,99
Group 10,soil_moisture,2026-03-24 13:18:14.670490+00:00,100
Group 10,soil_moisture,2026-03-24 13:18:20.309228+00:00,100
Group 10,soil_moisture,2026-03-24 13:18:25.844989+00:00,99
Group 10,soil_moisture,2026-03-24 13:18:31.277318+00:00,99
Group 10,soil_moisture,2026-03-24 13:18:36.811866+00:00,99
Group 10,soil_moisture,2026-03-24 13:18:42.347959+00:00,99
Group 10,soil_moisture,2026-03-24 13:18:47.884418+00:00,99
Group 10,soil_moisture,2026-03-24 13:18:53.418955+00:00,99
Group 10,soil_moisture,2026-03-24 13:18:58.955862+00:00,100
Group 10,soil_moisture,2026-03-24 13:19:04.492554+00:00,100
Group 10,soil_moisture,2026-03-24 13:19:10.029745+00:00,99
Group 10,soil_moisture,2026-03-24 13:19:15.563957+00:00,99
Group 10,soil_moisture,2026-03-24 13:19:21.098591+00:00,100
Group 10,soil_moisture,2026-03-24 13:19:26.635023+00:00,100
Group 10,soil_moisture,2026-03-24 13:19:32.275194+00:00,99
Group 10,soil_moisture,2026-03-24 13:19:37.707267+00:00,99
Group 10,soil_moisture,2026-03-24 13:19:43.256640+00:00,99
Group 10,soil_moisture,2026-03-24 13:19:48.677006+00:00,100
Group 10,soil_moisture,2026-03-24 13:19:54.216741+00:00,100
Group 10,soil_moisture,2026-03-24 13:19:59.954955+00:00,99
Group 10,soil_moisture,2026-03-24 13:20:05.280677+00:00,99
Group 10,soil_moisture,2026-03-24 13:20:10.835186+00:00,99
Group 10,soil_moisture,2026-03-24 13:20:16.353154+00:00,99
Group 10,soil_moisture,2026-03-24 13:20:21.886917+00:00,100
Group 10,soil_moisture,2026-03-24 13:20:27.423719+00:00,100
Group 10,soil_moisture,2026-03-24 13:20:32.961828+00:00,99
Group 10,soil_moisture,2026-03-24 13:20:38.499534+00:00,99
Group 10,soil_moisture,2026-03-24 13:20:44.149893+00:00,99
Group 10,soil_moisture,2026-03-24 13:20:49.567518+00:00,99
Group 10,soil_moisture,2026-03-24 13:20:55.102163+00:00,99
Group 10,soil_moisture,2026-03-24 13:21:00.533175+00:00,99
Group 10,soil_moisture,2026-03-24 13:21:06.069080+00:00,100
Group 10,soil_moisture,2026-03-24 13:21:11.605960+00:00,99
Group 10,soil_moisture,2026-03-24 13:21:17.247206+00:00,99
Group 10,soil_moisture,2026-03-24 13:21:22.676208+00:00,99
Group 10,soil_moisture,2026-03-24 13:21:28.219492+00:00,99
Group 10,soil_moisture,2026-03-24 13:21:33.959475+00:00,99
Group 10,soil_moisture,2026-03-24 13:21:39.282996+00:00,99
Group 10,soil_moisture,2026-03-24 13:21:44.819819+00:00,99
Group 10,soil_moisture,2026-03-24 13:21:50.363754+00:00,99
Group 10,soil_moisture,2026-03-24 13:21:55.995255+00:00,99
Group 10,soil_moisture,2026-03-24 13:22:01.426670+00:00,100
Group 10,soil_moisture,2026-03-24 13:22:06.858556+00:00,99
Group 10,soil_moisture,2026-03-24 13:22:12.497553+00:00,100
Group 10,soil_moisture,2026-03-24 13:22:17.929962+00:00,99
Group 10,soil_moisture,2026-03-24 13:22:23.473952+00:00,99
Group 10,soil_moisture,2026-03-24 13:22:29.106057+00:00,100
Group 10,soil_moisture,2026-03-24 13:22:34.539767+00:00,99
Group 10,soil_moisture,2026-03-24 13:22:40.073700+00:00,100
Group 10,soil_moisture,2026-03-24 13:22:45.612262+00:00,99
Group 10,soil_moisture,2026-03-24 13:22:51.153725+00:00,99
Group 10,soil_moisture,2026-03-24 13:22:56.680384+00:00,99
Group 10,soil_moisture,2026-03-24 13:23:02.215498+00:00,99
Group 10,soil_moisture,2026-03-24 13:23:07.878398+00:00,99
Group 10,soil_moisture,2026-03-24 13:23:13.289734+00:00,99
Group 10,soil_moisture,2026-03-24 13:23:18.836537+00:00,99
Group 10,soil_moisture,2026-03-24 13:23:24.360067+00:00,100
Group 10,soil_moisture,2026-03-24 13:23:29.903736+00:00,99
Group 10,soil_moisture,2026-03-24 13:23:35.478020+00:00,100
Group 10,soil_moisture,2026-03-24 13:23:40.861009+00:00,99
Group 10,soil_moisture,2026-03-24 13:23:46.397855+00:00,99
Group 10,soil_moisture,2026-03-24 13:23:51.934068+00:00,100
Group 10,soil_moisture,2026-03-24 13:23:57.472074+00:00,99
Group 10,soil_moisture,2026-03-24 13:24:03.010733+00:00,99
Group 10,soil_moisture,2026-03-24 13:24:08.540998+00:00,99
Group 10,soil_moisture,2026-03-24 13:24:14.076811+00:00,99
Group 10,soil_moisture,2026-03-24 13:24:19.614323+00:00,100
Group 10,soil_moisture,2026-03-24 13:24:25.148668+00:00,99
Group 10,soil_moisture,2026-03-24 13:24:30.685864+00:00,99
Group 10,soil_moisture,2026-03-24 13:24:36.220473+00:00,99
Group 10,soil_moisture,2026-03-24 13:24:41.756291+00:00,99
Group 10,soil_moisture,2026-03-24 13:24:47.291301+00:00,99
